run,method,variant,pooling,seed,threshold_policy,selection_policy,threshold,validation_precision_at_threshold,validation_recall_at_threshold,precision,recall,f1,f2,pr_auc,roc_auc,tp,tn,fp,fn,support,positive_support,negative_support
reentrancy_only,phase1b_baseline,gated,mil_attention,42,max_f1,max_f1,0.778,0.6,0.21428571428571427,0.4444444444444444,0.25,0.32,0.27397260273972607,0.2642770426579093,0.6981456043956044,4,177,5,12,198,16,182
reentrancy_only,phase1b_baseline,gated,mil_attention,43,max_f1,max_f1,0.882,0.3333333333333333,0.21428571428571427,0.3076923076923077,0.25,0.27586206896551724,0.2597402597402597,0.24088426740980792,0.6916208791208791,4,173,9,12,198,16,182
reentrancy_only,phase1b_baseline,gated,mil_attention,44,max_f1,max_f1,0.777,0.36363636363636365,0.2857142857142857,0.36363636363636365,0.25,0.2962962962962963,0.26666666666666666,0.25736663638334295,0.680631868131868,4,175,7,12,198,16,182
reentrancy_only,phase1b_baseline,gated,mil_attention,45,max_f1,max_f1,0.833,0.5,0.21428571428571427,0.375,0.1875,0.25,0.20833333333333334,0.2104372570599786,0.7032967032967032,3,177,5,13,198,16,182
reentrancy_only,phase1b_baseline,gated,mil_attention,46,max_f1,max_f1,0.876,0.5,0.21428571428571427,0.5,0.25,0.3333333333333333,0.2777777777777778,0.2579389026028879,0.6655219780219781,4,178,4,12,198,16,182
reentrancy_only,accepted_label_only,gated,mil_attention,42,max_f1,max_f1,0.842,0.42857142857142855,0.21428571428571427,0.3333333333333333,0.25,0.28571428571428575,0.2631578947368421,0.26190625367035847,0.7046703296703296,4,174,8,12,198,16,182
reentrancy_only,accepted_label_only,gated,mil_attention,42,high_recall,target_recall,0.34800000000000003,0.1044776119402985,1.0,0.13541666666666666,0.8125,0.23214285714285712,0.40625,0.26190625367035847,0.7046703296703296,13,99,83,3,198,16,182
reentrancy_only,accepted_label_only,gated,mil_attention,42,precision_focused,target_precision,0.34800000000000003,0.1044776119402985,1.0,0.13541666666666666,0.8125,0.23214285714285712,0.40625,0.26190625367035847,0.7046703296703296,13,99,83,3,198,16,182
reentrancy_only,contrastive,gated,mil_attention,42,max_f1,max_f1,0.864,0.5,0.21428571428571427,0.4444444444444444,0.25,0.32,0.27397260273972607,0.28082066929854543,0.6916208791208791,4,177,5,12,198,16,182
reentrancy_only,contrastive,gated,mil_attention,42,high_recall,target_recall,0.439,0.0945945945945946,1.0,0.10909090909090909,0.75,0.19047619047619047,0.3448275862068966,0.28082066929854543,0.6916208791208791,12,84,98,4,198,16,182
reentrancy_only,contrastive,gated,mil_attention,42,precision_focused,target_precision,0.898,1.0,0.07142857142857142,0.0,0.0,0.0,0.0,0.28082066929854543,0.6916208791208791,0,182,0,16,198,16,182
reentrancy_only,accepted_label_only,gated,mil_attention,43,max_f1,max_f1,0.879,0.6,0.21428571428571427,0.375,0.1875,0.25,0.20833333333333334,0.22921781313184952,0.7197802197802198,3,177,5,13,198,16,182
reentrancy_only,accepted_label_only,gated,mil_attention,43,high_recall,target_recall,0.591,0.12380952380952381,0.9285714285714286,0.14666666666666667,0.6875,0.24175824175824173,0.39568345323741005,0.22921781313184952,0.7197802197802198,11,118,64,5,198,16,182
reentrancy_only,accepted_label_only,gated,mil_attention,43,precision_focused,target_precision,0.591,0.12380952380952381,0.9285714285714286,0.14666666666666667,0.6875,0.24175824175824173,0.39568345323741005,0.22921781313184952,0.7197802197802198,11,118,64,5,198,16,182
reentrancy_only,contrastive,gated,mil_attention,43,max_f1,max_f1,0.811,0.24324324324324326,0.6428571428571429,0.20512820512820512,0.5,0.29090909090909095,0.3883495145631068,0.2046502363353443,0.7063873626373626,8,151,31,8,198,16,182
reentrancy_only,contrastive,gated,mil_attention,43,high_recall,target_recall,0.372,0.12280701754385964,1.0,0.10416666666666667,0.625,0.1785714285714286,0.3125,0.2046502363353443,0.7063873626373626,10,96,86,6,198,16,182
reentrancy_only,contrastive,gated,mil_attention,43,precision_focused,target_precision,0.99,1.0,0.07142857142857142,0.0,0.0,0.0,0.0,0.2046502363353443,0.7063873626373626,0,182,0,16,198,16,182
reentrancy_only,accepted_label_only,gated,mil_attention,44,max_f1,max_f1,0.784,0.6,0.21428571428571427,0.2857142857142857,0.125,0.17391304347826086,0.1408450704225352,0.21950731424769648,0.7087912087912088,2,177,5,14,198,16,182
reentrancy_only,accepted_label_only,gated,mil_attention,44,high_recall,target_recall,0.424,0.11570247933884298,1.0,0.12790697674418605,0.6875,0.21568627450980393,0.36666666666666664,0.21950731424769648,0.7087912087912088,11,107,75,5,198,16,182
reentrancy_only,accepted_label_only,gated,mil_attention,44,precision_focused,target_precision,0.864,1.0,0.07142857142857142,0.0,0.0,0.0,0.0,0.21950731424769648,0.7087912087912088,0,182,0,16,198,16,182
reentrancy_only,contrastive,gated,mil_attention,44,max_f1,max_f1,0.882,0.25,0.2857142857142857,0.2857142857142857,0.25,0.26666666666666666,0.2564102564102564,0.22242840588722915,0.654532967032967,4,172,10,12,198,16,182
reentrancy_only,contrastive,gated,mil_attention,44,high_recall,target_recall,0.553,0.08187134502923976,1.0,0.09420289855072464,0.8125,0.16883116883116886,0.3217821782178218,0.22242840588722915,0.654532967032967,13,57,125,3,198,16,182
reentrancy_only,contrastive,gated,mil_attention,44,precision_focused,target_precision,0.812,0.1111111111111111,0.6428571428571429,0.16363636363636364,0.5625,0.2535211267605634,0.37815126050420167,0.22242840588722915,0.654532967032967,9,136,46,7,198,16,182
reentrancy_only,accepted_label_only,gated,mil_attention,45,max_f1,max_f1,0.8150000000000001,0.42857142857142855,0.21428571428571427,0.42857142857142855,0.1875,0.26086956521739124,0.21126760563380284,0.24294303002687268,0.7046703296703296,3,178,4,13,198,16,182
reentrancy_only,accepted_label_only,gated,mil_attention,45,high_recall,target_recall,0.446,0.12264150943396226,0.9285714285714286,0.14864864864864866,0.6875,0.24444444444444446,0.3985507246376812,0.24294303002687268,0.7046703296703296,11,119,63,5,198,16,182
reentrancy_only,accepted_label_only,gated,mil_attention,45,precision_focused,target_precision,0.446,0.12264150943396226,0.9285714285714286,0.14864864864864866,0.6875,0.24444444444444446,0.3985507246376812,0.24294303002687268,0.7046703296703296,11,119,63,5,198,16,182
reentrancy_only,contrastive,gated,mil_attention,45,max_f1,max_f1,0.962,0.6,0.21428571428571427,0.3333333333333333,0.125,0.18181818181818182,0.14285714285714285,0.2202387628986869,0.7235576923076923,2,178,4,14,198,16,182
reentrancy_only,contrastive,gated,mil_attention,45,high_recall,target_recall,0.877,0.11666666666666667,1.0,0.12790697674418605,0.6875,0.21568627450980393,0.36666666666666664,0.2202387628986869,0.7235576923076923,11,107,75,5,198,16,182
reentrancy_only,contrastive,gated,mil_attention,45,precision_focused,target_precision,0.975,1.0,0.07142857142857142,0.0,0.0,0.0,0.0,0.2202387628986869,0.7235576923076923,0,182,0,16,198,16,182
reentrancy_only,accepted_label_only,gated,mil_attention,46,max_f1,max_f1,0.742,0.375,0.21428571428571427,0.36363636363636365,0.25,0.2962962962962963,0.26666666666666666,0.25096124072549814,0.6792582417582418,4,175,7,12,198,16,182
reentrancy_only,accepted_label_only,gated,mil_attention,46,high_recall,target_recall,0.257,0.09352517985611511,0.9285714285714286,0.11009174311926606,0.75,0.192,0.3468208092485549,0.25096124072549814,0.6792582417582418,12,85,97,4,198,16,182
reentrancy_only,accepted_label_only,gated,mil_attention,46,precision_focused,target_precision,0.463,0.14516129032258066,0.6428571428571429,0.1590909090909091,0.4375,0.23333333333333334,0.3240740740740741,0.25096124072549814,0.6792582417582418,7,145,37,9,198,16,182
reentrancy_only,contrastive,gated,mil_attention,46,max_f1,max_f1,0.978,0.5,0.21428571428571427,0.0,0.0,0.0,0.0,0.198263160463113,0.7091346153846153,0,177,5,16,198,16,182
reentrancy_only,contrastive,gated,mil_attention,46,high_recall,target_recall,0.875,0.1308411214953271,1.0,0.12048192771084337,0.625,0.20202020202020202,0.3401360544217687,0.198263160463113,0.7091346153846153,10,109,73,6,198,16,182
reentrancy_only,contrastive,gated,mil_attention,46,precision_focused,target_precision,0.99,1.0,0.07142857142857142,0.0,0.0,0.0,0.0,0.198263160463113,0.7091346153846153,0,182,0,16,198,16,182
