run,strategy,pooling,seed,level,threshold_policy,selection_policy,threshold,validation_precision_at_threshold,validation_recall_at_threshold,precision,recall,f1,f2,pr_auc,roc_auc,tp,tn,fp,fn,support,positive_support,negative_support,test_precision_at_val_recall_70,test_precision_at_val_recall_80,test_precision_at_val_recall_90,val_threshold_for_recall_70,val_threshold_for_recall_80,val_threshold_for_recall_90,val_recall_at_threshold_70,val_recall_at_threshold_80,val_recall_at_threshold_90
all_scope,baseline,mil_topk,42,interaction,max_f1,max_f1,0.835,0.18181818181818182,0.3137254901960784,0.14473684210526316,0.275,0.18965517241379312,0.23305084745762714,0.10479652572125059,0.7958050847457627,11,1115,65,29,1220,40,1180,0.08358208955223881,0.07476635514018691,0.05256064690026954,0.596,0.511,0.257,0.7647058823529411,0.803921568627451,0.9215686274509803
all_scope,baseline,mil_topk,42,interaction,high_recall,target_recall,0.257,0.04616895874263261,0.9215686274509803,0.05256064690026954,0.975,0.09974424552429667,0.2161862527716186,0.10479652572125059,0.7958050847457627,39,477,703,1,1220,40,1180,0.08358208955223881,0.07476635514018691,0.05256064690026954,0.596,0.511,0.257,0.7647058823529411,0.803921568627451,0.9215686274509803
all_scope,baseline,mil_topk,42,interaction,precision_focused,target_precision,0.72,0.10416666666666667,0.5882352941176471,0.10270270270270271,0.475,0.16888888888888892,0.27536231884057977,0.10479652572125059,0.7958050847457627,19,1014,166,21,1220,40,1180,0.08358208955223881,0.07476635514018691,0.05256064690026954,0.596,0.511,0.257,0.7647058823529411,0.803921568627451,0.9215686274509803
all_scope,hard_negative_upweight,mil_topk,42,interaction,max_f1,max_f1,0.648,0.1839080459770115,0.3137254901960784,0.10843373493975904,0.225,0.14634146341463414,0.18518518518518515,0.10441841722426039,0.8060381355932205,9,1106,74,31,1220,40,1180,0.08454810495626822,0.07102803738317758,0.05006418485237484,0.497,0.393,0.218,0.7058823529411765,0.8235294117647058,0.9019607843137255
all_scope,hard_negative_upweight,mil_topk,42,interaction,high_recall,target_recall,0.218,0.04431599229287091,0.9019607843137255,0.05006418485237484,0.975,0.09523809523809525,0.20766773162939298,0.10441841722426039,0.8060381355932205,39,440,740,1,1220,40,1180,0.08454810495626822,0.07102803738317758,0.05006418485237484,0.497,0.393,0.218,0.7058823529411765,0.8235294117647058,0.9019607843137255
all_scope,hard_negative_upweight,mil_topk,42,interaction,precision_focused,target_precision,0.529,0.10542168674698796,0.6862745098039216,0.0946969696969697,0.625,0.16447368421052633,0.294811320754717,0.10441841722426039,0.8060381355932205,25,941,239,15,1220,40,1180,0.08454810495626822,0.07102803738317758,0.05006418485237484,0.497,0.393,0.218,0.7058823529411765,0.8235294117647058,0.9019607843137255
all_scope,hard_negative_oversample,mil_topk,42,interaction,max_f1,max_f1,0.6970000000000001,0.1393939393939394,0.45098039215686275,0.11940298507462686,0.4,0.1839080459770115,0.272108843537415,0.10997346249804925,0.8144915254237288,16,1062,118,24,1220,40,1180,0.09848484848484848,0.0787037037037037,0.056439942112879886,0.596,0.484,0.327,0.7254901960784313,0.803921568627451,0.9215686274509803
all_scope,hard_negative_oversample,mil_topk,42,interaction,high_recall,target_recall,0.327,0.04880581516095535,0.9215686274509803,0.056439942112879886,0.975,0.106703146374829,0.2291421856639248,0.10997346249804925,0.8144915254237288,39,528,652,1,1220,40,1180,0.09848484848484848,0.0787037037037037,0.056439942112879886,0.596,0.484,0.327,0.7254901960784313,0.803921568627451,0.9215686274509803
all_scope,hard_negative_oversample,mil_topk,42,interaction,precision_focused,target_precision,0.596,0.09919571045576407,0.7254901960784313,0.09848484848484848,0.65,0.17105263157894735,0.30660377358490565,0.10997346249804925,0.8144915254237288,26,942,238,14,1220,40,1180,0.09848484848484848,0.0787037037037037,0.056439942112879886,0.596,0.484,0.327,0.7254901960784313,0.803921568627451,0.9215686274509803
all_scope,baseline,mil_topk,43,interaction,max_f1,max_f1,0.978,0.375,0.23529411764705882,0.07692307692307693,0.025,0.03773584905660378,0.028901734104046242,0.10945901693598481,0.7922881355932203,1,1168,12,39,1220,40,1180,0.07588075880758807,0.05829596412556054,0.04472477064220184,0.728,0.37,0.17,0.7058823529411765,0.8235294117647058,0.9215686274509803
all_scope,baseline,mil_topk,43,interaction,high_recall,target_recall,0.17,0.04,0.9215686274509803,0.04472477064220184,0.975,0.08552631578947369,0.18895348837209303,0.10945901693598481,0.7922881355932203,39,347,833,1,1220,40,1180,0.07588075880758807,0.05829596412556054,0.04472477064220184,0.728,0.37,0.17,0.7058823529411765,0.8235294117647058,0.9215686274509803
all_scope,baseline,mil_topk,43,interaction,precision_focused,target_precision,0.891,0.11848341232227488,0.49019607843137253,0.12804878048780488,0.525,0.2058823529411765,0.3240740740740741,0.10945901693598481,0.7922881355932203,21,1037,143,19,1220,40,1180,0.07588075880758807,0.05829596412556054,0.04472477064220184,0.728,0.37,0.17,0.7058823529411765,0.8235294117647058,0.9215686274509803
all_scope,hard_negative_upweight,mil_topk,43,interaction,max_f1,max_f1,0.639,0.2028985507246377,0.27450980392156865,0.12903225806451613,0.2,0.1568627450980392,0.1801801801801802,0.10053735676748485,0.8039406779661018,8,1126,54,32,1220,40,1180,0.08484848484848485,0.07128309572301425,0.061389337641357025,0.388,0.29,0.233,0.7254901960784313,0.803921568627451,0.9019607843137255
all_scope,hard_negative_upweight,mil_topk,43,interaction,high_recall,target_recall,0.233,0.05686032138442522,0.9019607843137255,0.061389337641357025,0.95,0.11532625189681335,0.24390243902439024,0.10053735676748485,0.8039406779661018,38,599,581,2,1220,40,1180,0.08484848484848485,0.07128309572301425,0.061389337641357025,0.388,0.29,0.233,0.7254901960784313,0.803921568627451,0.9019607843137255
all_scope,hard_negative_upweight,mil_topk,43,interaction,precision_focused,target_precision,0.458,0.11272727272727273,0.6078431372549019,0.09417040358744394,0.525,0.1596958174904943,0.2741514360313316,0.10053735676748485,0.8039406779661018,21,978,202,19,1220,40,1180,0.08484848484848485,0.07128309572301425,0.061389337641357025,0.388,0.29,0.233,0.7254901960784313,0.803921568627451,0.9019607843137255
all_scope,hard_negative_oversample,mil_topk,43,interaction,max_f1,max_f1,0.897,0.19444444444444445,0.27450980392156865,0.11363636363636363,0.125,0.11904761904761904,0.12254901960784312,0.11937491829661688,0.8096610169491525,5,1141,39,35,1220,40,1180,0.08387096774193549,0.07079646017699115,0.05371900826446281,0.594,0.40700000000000003,0.187,0.7254901960784313,0.803921568627451,0.9019607843137255
all_scope,hard_negative_oversample,mil_topk,43,interaction,high_recall,target_recall,0.187,0.04572564612326044,0.9019607843137255,0.05371900826446281,0.975,0.10182767624020887,0.22009029345372458,0.11937491829661688,0.8096610169491525,39,493,687,1,1220,40,1180,0.08387096774193549,0.07079646017699115,0.05371900826446281,0.594,0.40700000000000003,0.187,0.7254901960784313,0.803921568627451,0.9019607843137255
all_scope,hard_negative_oversample,mil_topk,43,interaction,precision_focused,target_precision,0.657,0.10355987055016182,0.6274509803921569,0.09652509652509653,0.625,0.16722408026755853,0.29832935560859186,0.11937491829661688,0.8096610169491525,25,946,234,15,1220,40,1180,0.08387096774193549,0.07079646017699115,0.05371900826446281,0.594,0.40700000000000003,0.187,0.7254901960784313,0.803921568627451,0.9019607843137255
all_scope,baseline,mil_topk,44,interaction,max_f1,max_f1,0.893,0.47619047619047616,0.19607843137254902,0.1111111111111111,0.05,0.06896551724137932,0.05617977528089888,0.11802455355549338,0.8117584745762711,2,1164,16,38,1220,40,1180,0.10121457489878542,0.07095343680709534,0.0581039755351682,0.587,0.40900000000000003,0.256,0.7058823529411765,0.803921568627451,0.9019607843137255
all_scope,baseline,mil_topk,44,interaction,high_recall,target_recall,0.256,0.05293440736478711,0.9019607843137255,0.0581039755351682,0.95,0.10951008645533142,0.2334152334152334,0.11802455355549338,0.8117584745762711,38,564,616,2,1220,40,1180,0.10121457489878542,0.07095343680709534,0.0581039755351682,0.587,0.40900000000000003,0.256,0.7058823529411765,0.803921568627451,0.9019607843137255
all_scope,baseline,mil_topk,44,interaction,precision_focused,target_precision,0.632,0.11224489795918367,0.6470588235294118,0.10294117647058823,0.525,0.1721311475409836,0.28846153846153844,0.11802455355549338,0.8117584745762711,21,997,183,19,1220,40,1180,0.10121457489878542,0.07095343680709534,0.0581039755351682,0.587,0.40900000000000003,0.256,0.7058823529411765,0.803921568627451,0.9019607843137255
all_scope,hard_negative_upweight,mil_topk,44,interaction,max_f1,max_f1,0.457,0.23529411764705882,0.23529411764705882,0.14285714285714285,0.125,0.13333333333333333,0.1282051282051282,0.11034172371323356,0.8084533898305084,5,1150,30,35,1220,40,1180,0.0790273556231003,0.06529850746268656,0.04534883720930233,0.168,0.099,0.041,0.7058823529411765,0.8235294117647058,0.9019607843137255
all_scope,hard_negative_upweight,mil_topk,44,interaction,high_recall,target_recall,0.041,0.03955288048151333,0.9019607843137255,0.04534883720930233,0.975,0.08666666666666666,0.19117647058823534,0.11034172371323356,0.8084533898305084,39,359,821,1,1220,40,1180,0.0790273556231003,0.06529850746268656,0.04534883720930233,0.168,0.099,0.041,0.7058823529411765,0.8235294117647058,0.9019607843137255
all_scope,hard_negative_upweight,mil_topk,44,interaction,precision_focused,target_precision,0.229,0.12550607287449392,0.6078431372549019,0.11557788944723618,0.575,0.19246861924686193,0.32033426183844005,0.11034172371323356,0.8084533898305084,23,1004,176,17,1220,40,1180,0.0790273556231003,0.06529850746268656,0.04534883720930233,0.168,0.099,0.041,0.7058823529411765,0.8235294117647058,0.9019607843137255
all_scope,hard_negative_oversample,mil_topk,44,interaction,max_f1,max_f1,0.623,0.15306122448979592,0.29411764705882354,0.10309278350515463,0.25,0.14598540145985403,0.19455252918287935,0.08521113286301614,0.7842584745762712,10,1093,87,30,1220,40,1180,0.07672634271099744,0.05950095969289827,0.044167610419026046,0.4,0.336,0.182,0.7058823529411765,0.8235294117647058,0.9019607843137255
all_scope,hard_negative_oversample,mil_topk,44,interaction,high_recall,target_recall,0.182,0.03872053872053872,0.9019607843137255,0.044167610419026046,0.975,0.08450704225352113,0.18696069031639503,0.08521113286301614,0.7842584745762712,39,336,844,1,1220,40,1180,0.07672634271099744,0.05950095969289827,0.044167610419026046,0.4,0.336,0.182,0.7058823529411765,0.8235294117647058,0.9019607843137255
all_scope,hard_negative_oversample,mil_topk,44,interaction,precision_focused,target_precision,0.46900000000000003,0.10596026490066225,0.6274509803921569,0.09259259259259259,0.625,0.16129032258064516,0.2906976744186046,0.08521113286301614,0.7842584745762712,25,935,245,15,1220,40,1180,0.07672634271099744,0.05950095969289827,0.044167610419026046,0.4,0.336,0.182,0.7058823529411765,0.8235294117647058,0.9019607843137255
all_scope,baseline,mil_topk,45,interaction,max_f1,max_f1,0.982,0.4782608695652174,0.21568627450980393,0.16666666666666666,0.05,0.07692307692307691,0.05813953488372093,0.11630289688229535,0.8064406779661017,2,1170,10,38,1220,40,1180,0.08588957055214724,0.07157894736842105,0.06074766355140187,0.8170000000000001,0.7030000000000001,0.501,0.7058823529411765,0.803921568627451,0.9019607843137255
all_scope,baseline,mil_topk,45,interaction,high_recall,target_recall,0.501,0.04867724867724868,0.9019607843137255,0.06074766355140187,0.975,0.11436950146627566,0.243142144638404,0.11630289688229535,0.8064406779661017,39,577,603,1,1220,40,1180,0.08588957055214724,0.07157894736842105,0.06074766355140187,0.8170000000000001,0.7030000000000001,0.501,0.7058823529411765,0.803921568627451,0.9019607843137255
all_scope,baseline,mil_topk,45,interaction,precision_focused,target_precision,0.906,0.11428571428571428,0.5490196078431373,0.11764705882352941,0.5,0.19047619047619047,0.30303030303030304,0.11630289688229535,0.8064406779661017,20,1030,150,20,1220,40,1180,0.08588957055214724,0.07157894736842105,0.06074766355140187,0.8170000000000001,0.7030000000000001,0.501,0.7058823529411765,0.803921568627451,0.9019607843137255
all_scope,hard_negative_upweight,mil_topk,45,interaction,max_f1,max_f1,0.902,0.19672131147540983,0.23529411764705882,0.1346153846153846,0.175,0.15217391304347824,0.1650943396226415,0.11266086781687126,0.8109957627118644,7,1135,45,33,1220,40,1180,0.07988165680473373,0.06805293005671077,0.05220883534136546,0.745,0.64,0.492,0.7058823529411765,0.8235294117647058,0.9019607843137255
all_scope,hard_negative_upweight,mil_topk,45,interaction,high_recall,target_recall,0.492,0.04632426988922457,0.9019607843137255,0.05220883534136546,0.975,0.0991105463786531,0.21499448732083787,0.11266086781687126,0.8109957627118644,39,472,708,1,1220,40,1180,0.07988165680473373,0.06805293005671077,0.05220883534136546,0.745,0.64,0.492,0.7058823529411765,0.8235294117647058,0.9019607843137255
all_scope,hard_negative_upweight,mil_topk,45,interaction,precision_focused,target_precision,0.806,0.11071428571428571,0.6078431372549019,0.11290322580645161,0.525,0.18584070796460175,0.30346820809248554,0.11266086781687126,0.8109957627118644,21,1015,165,19,1220,40,1180,0.07988165680473373,0.06805293005671077,0.05220883534136546,0.745,0.64,0.492,0.7058823529411765,0.8235294117647058,0.9019607843137255
all_scope,hard_negative_oversample,mil_topk,45,interaction,max_f1,max_f1,0.81,0.3333333333333333,0.19607843137254902,0.16,0.1,0.12307692307692307,0.10810810810810813,0.08715941026877613,0.716165254237288,4,1159,21,36,1220,40,1180,0.05417607223476298,0.049099836333878884,0.04736129905277402,0.336,0.244,0.186,0.7058823529411765,0.8235294117647058,0.9019607843137255
all_scope,hard_negative_oversample,mil_topk,45,interaction,high_recall,target_recall,0.186,0.044965786901270774,0.9019607843137255,0.04736129905277402,0.875,0.08985879332477535,0.19466073414905452,0.08715941026877613,0.716165254237288,35,476,704,5,1220,40,1180,0.05417607223476298,0.049099836333878884,0.04736129905277402,0.336,0.244,0.186,0.7058823529411765,0.8235294117647058,0.9019607843137255
all_scope,hard_negative_oversample,mil_topk,45,interaction,precision_focused,target_precision,0.644,0.14093959731543623,0.4117647058823529,0.12264150943396226,0.325,0.17808219178082188,0.24436090225563908,0.08715941026877613,0.716165254237288,13,1087,93,27,1220,40,1180,0.05417607223476298,0.049099836333878884,0.04736129905277402,0.336,0.244,0.186,0.7058823529411765,0.8235294117647058,0.9019607843137255
all_scope,baseline,mil_topk,46,interaction,max_f1,max_f1,0.787,0.1951219512195122,0.3137254901960784,0.15384615384615385,0.25,0.1904761904761905,0.22222222222222224,0.10088217225491095,0.7945974576271186,10,1125,55,30,1220,40,1180,0.08843537414965986,0.07672634271099744,0.05654281098546042,0.544,0.47100000000000003,0.302,0.7058823529411765,0.803921568627451,0.9019607843137255
all_scope,baseline,mil_topk,46,interaction,high_recall,target_recall,0.302,0.054245283018867926,0.9019607843137255,0.05654281098546042,0.875,0.1062215477996965,0.2246469833119384,0.10088217225491095,0.7945974576271186,35,596,584,5,1220,40,1180,0.08843537414965986,0.07672634271099744,0.05654281098546042,0.544,0.47100000000000003,0.302,0.7058823529411765,0.803921568627451,0.9019607843137255
all_scope,baseline,mil_topk,46,interaction,precision_focused,target_precision,0.663,0.11587982832618025,0.5294117647058824,0.09876543209876543,0.4,0.15841584158415842,0.2484472049689441,0.10088217225491095,0.7945974576271186,16,1034,146,24,1220,40,1180,0.08843537414965986,0.07672634271099744,0.05654281098546042,0.544,0.47100000000000003,0.302,0.7058823529411765,0.803921568627451,0.9019607843137255
all_scope,hard_negative_upweight,mil_topk,46,interaction,max_f1,max_f1,0.631,0.1717171717171717,0.3333333333333333,0.10526315789473684,0.25,0.14814814814814814,0.19607843137254902,0.09522613071563511,0.7963771186440677,10,1095,85,30,1220,40,1180,0.08761329305135952,0.06260575296108291,0.05186170212765957,0.506,0.41500000000000004,0.36,0.7058823529411765,0.8627450980392157,0.9019607843137255
all_scope,hard_negative_upweight,mil_topk,46,interaction,high_recall,target_recall,0.36,0.047276464542651594,0.9019607843137255,0.05186170212765957,0.975,0.09848484848484848,0.21381578947368418,0.09522613071563511,0.7963771186440677,39,467,713,1,1220,40,1180,0.08761329305135952,0.06260575296108291,0.05186170212765957,0.506,0.41500000000000004,0.36,0.7058823529411765,0.8627450980392157,0.9019607843137255
all_scope,hard_negative_upweight,mil_topk,46,interaction,precision_focused,target_precision,0.532,0.0958904109589041,0.6862745098039216,0.0933852140077821,0.6,0.16161616161616163,0.28776978417266186,0.09522613071563511,0.7963771186440677,24,947,233,16,1220,40,1180,0.08761329305135952,0.06260575296108291,0.05186170212765957,0.506,0.41500000000000004,0.36,0.7058823529411765,0.8627450980392157,0.9019607843137255
all_scope,hard_negative_oversample,mil_topk,46,interaction,max_f1,max_f1,0.6920000000000001,0.15503875968992248,0.39215686274509803,0.12903225806451613,0.3,0.18045112781954886,0.23715415019762845,0.11960508677808407,0.8254872881355932,12,1099,81,28,1220,40,1180,0.10666666666666667,0.08333333333333333,0.05394190871369295,0.602,0.516,0.374,0.7058823529411765,0.803921568627451,0.9215686274509803
all_scope,hard_negative_oversample,mil_topk,46,interaction,high_recall,target_recall,0.374,0.04667328699106256,0.9215686274509803,0.05394190871369295,0.975,0.10222804718217564,0.22083805209513024,0.11960508677808407,0.8254872881355932,39,496,684,1,1220,40,1180,0.10666666666666667,0.08333333333333333,0.05394190871369295,0.602,0.516,0.374,0.7058823529411765,0.803921568627451,0.9215686274509803
all_scope,hard_negative_oversample,mil_topk,46,interaction,precision_focused,target_precision,0.621,0.11784511784511785,0.6862745098039216,0.105,0.525,0.175,0.29166666666666663,0.11960508677808407,0.8254872881355932,21,1001,179,19,1220,40,1180,0.10666666666666667,0.08333333333333333,0.05394190871369295,0.602,0.516,0.374,0.7058823529411765,0.803921568627451,0.9215686274509803
reentrancy_only,baseline,mil_attention,42,interaction,max_f1,max_f1,0.973,0.375,0.11538461538461539,0.6666666666666666,0.1,0.1739130434782609,0.12048192771084337,0.22871447219809654,0.7922454804947668,2,1050,1,18,1071,20,1051,0.05314009661835749,0.052434456928838954,0.030927835051546393,0.86,0.8200000000000001,0.508,0.7307692307692307,0.8076923076923077,0.9615384615384616
reentrancy_only,baseline,mil_attention,42,interaction,high_recall,target_recall,0.508,0.02682403433476395,0.9615384615384616,0.030927835051546393,0.9,0.059800664451827246,0.13595166163141995,0.22871447219809654,0.7922454804947668,18,487,564,2,1071,20,1051,0.05314009661835749,0.052434456928838954,0.030927835051546393,0.86,0.8200000000000001,0.508,0.7307692307692307,0.8076923076923077,0.9615384615384616
reentrancy_only,baseline,mil_attention,42,interaction,precision_focused,target_precision,0.978,1.0,0.07692307692307693,0.0,0.0,0.0,0.0,0.22871447219809654,0.7922454804947668,0,1051,0,20,1071,20,1051,0.05314009661835749,0.052434456928838954,0.030927835051546393,0.86,0.8200000000000001,0.508,0.7307692307692307,0.8076923076923077,0.9615384615384616
reentrancy_only,hard_negative_upweight,mil_attention,42,interaction,max_f1,max_f1,0.865,0.6,0.11538461538461539,0.0,0.0,0.0,0.0,0.10870946497544268,0.7834443387250237,0,1050,1,20,1071,20,1051,0.04743083003952569,0.04040404040404041,0.03135313531353135,0.336,0.3,0.116,0.7307692307692307,0.8076923076923077,0.9230769230769231
reentrancy_only,hard_negative_upweight,mil_attention,42,interaction,high_recall,target_recall,0.116,0.02528977871443625,0.9230769230769231,0.03135313531353135,0.95,0.06070287539936102,0.13848396501457724,0.10870946497544268,0.7834443387250237,19,464,587,1,1071,20,1051,0.04743083003952569,0.04040404040404041,0.03135313531353135,0.336,0.3,0.116,0.7307692307692307,0.8076923076923077,0.9230769230769231
reentrancy_only,hard_negative_upweight,mil_attention,42,interaction,precision_focused,target_precision,0.905,1.0,0.07692307692307693,0.0,0.0,0.0,0.0,0.10870946497544268,0.7834443387250237,0,1051,0,20,1071,20,1051,0.04743083003952569,0.04040404040404041,0.03135313531353135,0.336,0.3,0.116,0.7307692307692307,0.8076923076923077,0.9230769230769231
reentrancy_only,hard_negative_oversample,mil_attention,42,interaction,max_f1,max_f1,0.601,0.3333333333333333,0.15384615384615385,0.0,0.0,0.0,0.0,0.048432535499170704,0.7620361560418649,0,1043,8,20,1071,20,1051,0.04106280193236715,0.03761061946902655,0.033101045296167246,0.28600000000000003,0.273,0.229,0.7307692307692307,0.8076923076923077,0.9230769230769231
reentrancy_only,hard_negative_oversample,mil_attention,42,interaction,high_recall,target_recall,0.229,0.02666666666666667,0.9230769230769231,0.033101045296167246,0.95,0.06397306397306397,0.1452599388379205,0.048432535499170704,0.7620361560418649,19,496,555,1,1071,20,1051,0.04106280193236715,0.03761061946902655,0.033101045296167246,0.28600000000000003,0.273,0.229,0.7307692307692307,0.8076923076923077,0.9230769230769231
reentrancy_only,hard_negative_oversample,mil_attention,42,interaction,precision_focused,target_precision,0.6940000000000001,0.75,0.11538461538461539,0.0,0.0,0.0,0.0,0.048432535499170704,0.7620361560418649,0,1050,1,20,1071,20,1051,0.04106280193236715,0.03761061946902655,0.033101045296167246,0.28600000000000003,0.273,0.229,0.7307692307692307,0.8076923076923077,0.9230769230769231
reentrancy_only,baseline,mil_attention,43,interaction,max_f1,max_f1,0.964,0.6,0.11538461538461539,1.0,0.1,0.18181818181818182,0.12195121951219513,0.24147706783962472,0.7881065651760228,2,1051,0,18,1071,20,1051,0.05405405405405406,0.04430379746835443,0.03076923076923077,0.755,0.667,0.421,0.7692307692307693,0.8461538461538461,0.9230769230769231
reentrancy_only,baseline,mil_attention,43,interaction,high_recall,target_recall,0.421,0.025504782146652496,0.9230769230769231,0.03076923076923077,0.9,0.05950413223140496,0.13533834586466167,0.24147706783962472,0.7881065651760228,18,484,567,2,1071,20,1051,0.05405405405405406,0.04430379746835443,0.03076923076923077,0.755,0.667,0.421,0.7692307692307693,0.8461538461538461,0.9230769230769231
reentrancy_only,baseline,mil_attention,43,interaction,precision_focused,target_precision,0.97,1.0,0.07692307692307693,1.0,0.05,0.09523809523809523,0.0617283950617284,0.24147706783962472,0.7881065651760228,1,1051,0,19,1071,20,1051,0.05405405405405406,0.04430379746835443,0.03076923076923077,0.755,0.667,0.421,0.7692307692307693,0.8461538461538461,0.9230769230769231
reentrancy_only,hard_negative_upweight,mil_attention,43,interaction,max_f1,max_f1,0.927,0.42857142857142855,0.11538461538461539,0.0,0.0,0.0,0.0,0.09237316323871007,0.7891056137012369,0,1051,0,20,1071,20,1051,0.05319148936170213,0.04020100502512563,0.03104575163398693,0.537,0.358,0.201,0.7307692307692307,0.8076923076923077,0.9230769230769231
reentrancy_only,hard_negative_upweight,mil_attention,43,interaction,high_recall,target_recall,0.201,0.023529411764705882,0.9230769230769231,0.03104575163398693,0.95,0.060126582278481014,0.13728323699421965,0.09237316323871007,0.7891056137012369,19,458,593,1,1071,20,1051,0.05319148936170213,0.04020100502512563,0.03104575163398693,0.537,0.358,0.201,0.7307692307692307,0.8076923076923077,0.9230769230769231
reentrancy_only,hard_negative_upweight,mil_attention,43,interaction,precision_focused,target_precision,0.9380000000000001,1.0,0.07692307692307693,0.0,0.0,0.0,0.0,0.09237316323871007,0.7891056137012369,0,1051,0,20,1071,20,1051,0.05319148936170213,0.04020100502512563,0.03104575163398693,0.537,0.358,0.201,0.7307692307692307,0.8076923076923077,0.9230769230769231
reentrancy_only,hard_negative_oversample,mil_attention,43,interaction,max_f1,max_f1,0.923,0.375,0.11538461538461539,0.0,0.0,0.0,0.0,0.10676895659508395,0.7717411988582302,0,1051,0,20,1071,20,1051,0.044534412955465584,0.040106951871657755,0.030035335689045935,0.583,0.45,0.32,0.7307692307692307,0.8076923076923077,0.9230769230769231
reentrancy_only,hard_negative_oversample,mil_attention,43,interaction,high_recall,target_recall,0.32,0.026726057906458798,0.9230769230769231,0.030035335689045935,0.85,0.05802047781569966,0.13157894736842105,0.10676895659508395,0.7717411988582302,17,502,549,3,1071,20,1051,0.044534412955465584,0.040106951871657755,0.030035335689045935,0.583,0.45,0.32,0.7307692307692307,0.8076923076923077,0.9230769230769231
reentrancy_only,hard_negative_oversample,mil_attention,43,interaction,precision_focused,target_precision,0.9590000000000001,1.0,0.038461538461538464,0.0,0.0,0.0,0.0,0.10676895659508395,0.7717411988582302,0,1051,0,20,1071,20,1051,0.044534412955465584,0.040106951871657755,0.030035335689045935,0.583,0.45,0.32,0.7307692307692307,0.8076923076923077,0.9230769230769231
reentrancy_only,baseline,mil_attention,44,interaction,max_f1,max_f1,0.9480000000000001,0.3333333333333333,0.11538461538461539,0.0,0.0,0.0,0.0,0.20335621396224732,0.7878686964795433,0,1051,0,20,1071,20,1051,0.05,0.0438871473354232,0.03204047217537943,0.489,0.395,0.154,0.7692307692307693,0.8076923076923077,0.9230769230769231
reentrancy_only,baseline,mil_attention,44,interaction,high_recall,target_recall,0.154,0.02564102564102564,0.9230769230769231,0.03204047217537943,0.95,0.06199021207177814,0.1411589895988113,0.20335621396224732,0.7878686964795433,19,477,574,1,1071,20,1051,0.05,0.0438871473354232,0.03204047217537943,0.489,0.395,0.154,0.7692307692307693,0.8076923076923077,0.9230769230769231
reentrancy_only,baseline,mil_attention,44,interaction,precision_focused,target_precision,0.974,1.0,0.038461538461538464,0.0,0.0,0.0,0.0,0.20335621396224732,0.7878686964795433,0,1051,0,20,1071,20,1051,0.05,0.0438871473354232,0.03204047217537943,0.489,0.395,0.154,0.7692307692307693,0.8076923076923077,0.9230769230769231
reentrancy_only,hard_negative_upweight,mil_attention,44,interaction,max_f1,max_f1,0.904,0.6,0.11538461538461539,0.0,0.0,0.0,0.0,0.10302154882366063,0.7815889628924835,0,1051,0,20,1071,20,1051,0.053763440860215055,0.04120879120879121,0.030254777070063694,0.583,0.437,0.249,0.7307692307692307,0.8076923076923077,0.9230769230769231
reentrancy_only,hard_negative_upweight,mil_attention,44,interaction,high_recall,target_recall,0.249,0.023692003948667325,0.9230769230769231,0.030254777070063694,0.95,0.05864197530864198,0.13418079096045196,0.10302154882366063,0.7815889628924835,19,442,609,1,1071,20,1051,0.053763440860215055,0.04120879120879121,0.030254777070063694,0.583,0.437,0.249,0.7307692307692307,0.8076923076923077,0.9230769230769231
reentrancy_only,hard_negative_upweight,mil_attention,44,interaction,precision_focused,target_precision,0.921,1.0,0.07692307692307693,0.0,0.0,0.0,0.0,0.10302154882366063,0.7815889628924835,0,1051,0,20,1071,20,1051,0.053763440860215055,0.04120879120879121,0.030254777070063694,0.583,0.437,0.249,0.7307692307692307,0.8076923076923077,0.9230769230769231
reentrancy_only,hard_negative_oversample,mil_attention,44,interaction,max_f1,max_f1,0.862,0.6,0.11538461538461539,0.0,0.0,0.0,0.0,0.09818397245959336,0.791674595623216,0,1051,0,20,1071,20,1051,0.06626506024096386,0.05603448275862069,0.029459901800327332,0.5720000000000001,0.514,0.274,0.7307692307692307,0.8076923076923077,0.9230769230769231
reentrancy_only,hard_negative_oversample,mil_attention,44,interaction,high_recall,target_recall,0.274,0.02416918429003021,0.9230769230769231,0.029459901800327332,0.9,0.057052297939778125,0.13024602026049203,0.09818397245959336,0.791674595623216,18,458,593,2,1071,20,1051,0.06626506024096386,0.05603448275862069,0.029459901800327332,0.5720000000000001,0.514,0.274,0.7307692307692307,0.8076923076923077,0.9230769230769231
reentrancy_only,hard_negative_oversample,mil_attention,44,interaction,precision_focused,target_precision,0.902,1.0,0.038461538461538464,0.0,0.0,0.0,0.0,0.09818397245959336,0.791674595623216,0,1051,0,20,1071,20,1051,0.06626506024096386,0.05603448275862069,0.029459901800327332,0.5720000000000001,0.514,0.274,0.7307692307692307,0.8076923076923077,0.9230769230769231
reentrancy_only,baseline,mil_attention,45,interaction,max_f1,max_f1,0.985,0.6,0.11538461538461539,1.0,0.05,0.09523809523809523,0.0617283950617284,0.27815005034360696,0.7954329210275928,1,1051,0,19,1071,20,1051,0.057803468208092484,0.0425531914893617,0.034482758620689655,0.796,0.6,0.323,0.7307692307692307,0.8076923076923077,0.9230769230769231
reentrancy_only,baseline,mil_attention,45,interaction,high_recall,target_recall,0.323,0.02977667493796526,0.9230769230769231,0.034482758620689655,0.9,0.06642066420664207,0.14950166112956811,0.27815005034360696,0.7954329210275928,18,547,504,2,1071,20,1051,0.057803468208092484,0.0425531914893617,0.034482758620689655,0.796,0.6,0.323,0.7307692307692307,0.8076923076923077,0.9230769230769231
reentrancy_only,baseline,mil_attention,45,interaction,precision_focused,target_precision,0.994,1.0,0.038461538461538464,0.0,0.0,0.0,0.0,0.27815005034360696,0.7954329210275928,0,1051,0,20,1071,20,1051,0.057803468208092484,0.0425531914893617,0.034482758620689655,0.796,0.6,0.323,0.7307692307692307,0.8076923076923077,0.9230769230769231
reentrancy_only,hard_negative_upweight,mil_attention,45,interaction,max_f1,max_f1,0.9480000000000001,0.16,0.15384615384615385,0.10526315789473684,0.1,0.10256410256410256,0.10101010101010101,0.1302143853605243,0.7930066603235013,2,1034,17,18,1071,20,1051,0.04093567251461988,0.04093567251461988,0.02857142857142857,0.615,0.615,0.20500000000000002,0.8076923076923077,0.8076923076923077,0.9230769230769231
reentrancy_only,hard_negative_upweight,mil_attention,45,interaction,high_recall,target_recall,0.20500000000000002,0.023692003948667325,0.9230769230769231,0.02857142857142857,0.95,0.05547445255474453,0.12751677852348992,0.1302143853605243,0.7930066603235013,19,405,646,1,1071,20,1051,0.04093567251461988,0.04093567251461988,0.02857142857142857,0.615,0.615,0.20500000000000002,0.8076923076923077,0.8076923076923077,0.9230769230769231
reentrancy_only,hard_negative_upweight,mil_attention,45,interaction,precision_focused,target_precision,0.981,1.0,0.038461538461538464,0.0,0.0,0.0,0.0,0.1302143853605243,0.7930066603235013,0,1051,0,20,1071,20,1051,0.04093567251461988,0.04093567251461988,0.02857142857142857,0.615,0.615,0.20500000000000002,0.8076923076923077,0.8076923076923077,0.9230769230769231
reentrancy_only,hard_negative_oversample,mil_attention,45,interaction,max_f1,max_f1,0.878,0.42857142857142855,0.11538461538461539,0.0,0.0,0.0,0.0,0.09792304283976787,0.7704091341579448,0,1051,0,20,1071,20,1051,0.05309734513274336,0.044673539518900345,0.028052805280528052,0.561,0.518,0.325,0.7692307692307693,0.8076923076923077,0.9230769230769231
reentrancy_only,hard_negative_oversample,mil_attention,45,interaction,high_recall,target_recall,0.325,0.02456499488229273,0.9230769230769231,0.028052805280528052,0.85,0.05431309904153355,0.1239067055393586,0.09792304283976787,0.7704091341579448,17,462,589,3,1071,20,1051,0.05309734513274336,0.044673539518900345,0.028052805280528052,0.561,0.518,0.325,0.7692307692307693,0.8076923076923077,0.9230769230769231
reentrancy_only,hard_negative_oversample,mil_attention,45,interaction,precision_focused,target_precision,0.904,1.0,0.07692307692307693,0.0,0.0,0.0,0.0,0.09792304283976787,0.7704091341579448,0,1051,0,20,1071,20,1051,0.05309734513274336,0.044673539518900345,0.028052805280528052,0.561,0.518,0.325,0.7692307692307693,0.8076923076923077,0.9230769230769231
reentrancy_only,baseline,mil_attention,46,interaction,max_f1,max_f1,0.9420000000000001,0.42857142857142855,0.11538461538461539,0.6666666666666666,0.1,0.1739130434782609,0.12048192771084337,0.1467241638735411,0.7777830637488106,2,1050,1,18,1071,20,1051,0.05263157894736842,0.04710144927536232,0.029556650246305417,0.593,0.547,0.217,0.7692307692307693,0.8076923076923077,0.9615384615384616
reentrancy_only,baseline,mil_attention,46,interaction,high_recall,target_recall,0.217,0.025,0.9615384615384616,0.029556650246305417,0.9,0.057233704292527825,0.13062409288824384,0.1467241638735411,0.7777830637488106,18,460,591,2,1071,20,1051,0.05263157894736842,0.04710144927536232,0.029556650246305417,0.593,0.547,0.217,0.7692307692307693,0.8076923076923077,0.9615384615384616
reentrancy_only,baseline,mil_attention,46,interaction,precision_focused,target_precision,0.97,1.0,0.038461538461538464,0.0,0.0,0.0,0.0,0.1467241638735411,0.7777830637488106,0,1051,0,20,1071,20,1051,0.05263157894736842,0.04710144927536232,0.029556650246305417,0.593,0.547,0.217,0.7692307692307693,0.8076923076923077,0.9615384615384616
reentrancy_only,hard_negative_upweight,mil_attention,46,interaction,max_f1,max_f1,0.924,1.0,0.11538461538461539,0.0,0.0,0.0,0.0,0.11780347577146114,0.7795432921027594,0,1051,0,20,1071,20,1051,0.04672897196261682,0.0423728813559322,0.03231292517006803,0.5630000000000001,0.405,0.218,0.7307692307692307,0.8076923076923077,0.9230769230769231
reentrancy_only,hard_negative_upweight,mil_attention,46,interaction,high_recall,target_recall,0.218,0.02600216684723727,0.9230769230769231,0.03231292517006803,0.95,0.0625,0.1422155688622755,0.11780347577146114,0.7795432921027594,19,482,569,1,1071,20,1051,0.04672897196261682,0.0423728813559322,0.03231292517006803,0.5630000000000001,0.405,0.218,0.7307692307692307,0.8076923076923077,0.9230769230769231
reentrancy_only,hard_negative_upweight,mil_attention,46,interaction,precision_focused,target_precision,0.924,1.0,0.11538461538461539,0.0,0.0,0.0,0.0,0.11780347577146114,0.7795432921027594,0,1051,0,20,1071,20,1051,0.04672897196261682,0.0423728813559322,0.03231292517006803,0.5630000000000001,0.405,0.218,0.7307692307692307,0.8076923076923077,0.9230769230769231
reentrancy_only,hard_negative_oversample,mil_attention,46,interaction,max_f1,max_f1,0.455,0.09859154929577464,0.5384615384615384,0.05952380952380952,0.25,0.09615384615384615,0.1524390243902439,0.060066902409927035,0.7143672692673644,5,972,79,15,1071,20,1051,0.052083333333333336,0.03287671232876712,0.029684601113172542,0.34500000000000003,0.23700000000000002,0.154,0.7307692307692307,0.8076923076923077,0.9230769230769231
reentrancy_only,hard_negative_oversample,mil_attention,46,interaction,high_recall,target_recall,0.154,0.030495552731893267,0.9230769230769231,0.029684601113172542,0.8,0.05724508050089446,0.12924071082390956,0.060066902409927035,0.7143672692673644,16,528,523,4,1071,20,1051,0.052083333333333336,0.03287671232876712,0.029684601113172542,0.34500000000000003,0.23700000000000002,0.154,0.7307692307692307,0.8076923076923077,0.9230769230769231
reentrancy_only,hard_negative_oversample,mil_attention,46,interaction,precision_focused,target_precision,0.444,0.0949367088607595,0.5769230769230769,0.053763440860215055,0.25,0.08849557522123894,0.1445086705202312,0.060066902409927035,0.7143672692673644,5,963,88,15,1071,20,1051,0.052083333333333336,0.03287671232876712,0.029684601113172542,0.34500000000000003,0.23700000000000002,0.154,0.7307692307692307,0.8076923076923077,0.9230769230769231
