run,model,pooling,seed,level,threshold_policy,selection_policy,threshold,validation_precision_at_threshold,validation_recall_at_threshold,precision,recall,f1,f2,pr_auc,roc_auc,tp,tn,fp,fn,support,positive_support,negative_support,test_precision_at_val_recall_70,test_precision_at_val_recall_80,test_precision_at_val_recall_90,val_threshold_for_recall_70,val_threshold_for_recall_80,val_threshold_for_recall_90,val_recall_at_threshold_70,val_recall_at_threshold_80,val_recall_at_threshold_90
all_scope,HyperVul native MIL,mil_max,42,contract,max_f1,max_f1,0.52,0.24468085106382978,0.7666666666666667,0.2345679012345679,0.6333333333333333,0.34234234234234234,0.47263681592039797,0.3268942267826174,0.7163003663003663,19,120,62,11,212,30,182,0.2345679012345679,0.2159090909090909,0.19469026548672566,0.52,0.49,0.394,0.7666666666666667,0.8,0.9
all_scope,HyperVul native MIL,mil_max,42,contract,high_recall,target_recall,0.394,0.17088607594936708,0.9,0.19469026548672566,0.7333333333333333,0.3076923076923077,0.4721030042918455,0.3268942267826174,0.7163003663003663,22,91,91,8,212,30,182,0.2345679012345679,0.2159090909090909,0.19469026548672566,0.52,0.49,0.394,0.7666666666666667,0.8,0.9
all_scope,HyperVul native MIL,mil_max,42,contract,precision_focused,target_precision,0.861,1.0,0.03333333333333333,1.0,0.03333333333333333,0.06451612903225806,0.04132231404958678,0.3268942267826174,0.7163003663003663,1,182,0,29,212,30,182,0.2345679012345679,0.2159090909090909,0.19469026548672566,0.52,0.49,0.394,0.7666666666666667,0.8,0.9
all_scope,HyperVul native MIL,mil_max,43,contract,max_f1,max_f1,0.764,0.27848101265822783,0.7333333333333333,0.25,0.6333333333333333,0.3584905660377358,0.4846938775510204,0.3021917870878457,0.7166666666666667,19,125,57,11,212,30,182,0.25,0.21978021978021978,0.19402985074626866,0.764,0.7010000000000001,0.502,0.7333333333333333,0.8,0.9
all_scope,HyperVul native MIL,mil_max,43,contract,high_recall,target_recall,0.502,0.15976331360946747,0.9,0.19402985074626866,0.8666666666666667,0.3170731707317074,0.5118110236220472,0.3021917870878457,0.7166666666666667,26,74,108,4,212,30,182,0.25,0.21978021978021978,0.19402985074626866,0.764,0.7010000000000001,0.502,0.7333333333333333,0.8,0.9
all_scope,HyperVul native MIL,mil_max,43,contract,precision_focused,target_precision,0.9480000000000001,0.75,0.1,0.625,0.16666666666666666,0.2631578947368421,0.19531249999999997,0.3021917870878457,0.7166666666666667,5,179,3,25,212,30,182,0.25,0.21978021978021978,0.19402985074626866,0.764,0.7010000000000001,0.502,0.7333333333333333,0.8,0.9
all_scope,HyperVul native MIL,mil_max,44,contract,max_f1,max_f1,0.445,0.2717391304347826,0.8333333333333334,0.2247191011235955,0.6666666666666666,0.3361344537815126,0.4784688995215312,0.33083453643592287,0.7426739926739927,20,113,69,10,212,30,182,0.2247191011235955,0.2247191011235955,0.2,0.445,0.445,0.289,0.8333333333333334,0.8333333333333334,0.9
all_scope,HyperVul native MIL,mil_max,44,contract,high_recall,target_recall,0.289,0.17647058823529413,0.9,0.2,0.8333333333333334,0.3225806451612903,0.5102040816326531,0.33083453643592287,0.7426739926739927,25,82,100,5,212,30,182,0.2247191011235955,0.2247191011235955,0.2,0.445,0.445,0.289,0.8333333333333334,0.8333333333333334,0.9
all_scope,HyperVul native MIL,mil_max,44,contract,precision_focused,target_precision,0.863,1.0,0.06666666666666667,0.5,0.03333333333333333,0.0625,0.040983606557377046,0.33083453643592287,0.7426739926739927,1,181,1,29,212,30,182,0.2247191011235955,0.2247191011235955,0.2,0.445,0.445,0.289,0.8333333333333334,0.8333333333333334,0.9
all_scope,HyperVul native MIL,mil_max,45,contract,max_f1,max_f1,0.8290000000000001,0.27631578947368424,0.7,0.2753623188405797,0.6333333333333333,0.3838383838383838,0.5026455026455026,0.3259333741597862,0.7336996336996338,19,132,50,11,212,30,182,0.2753623188405797,0.2159090909090909,0.20155038759689922,0.8290000000000001,0.785,0.639,0.7,0.8,0.9
all_scope,HyperVul native MIL,mil_max,45,contract,high_recall,target_recall,0.639,0.16363636363636364,0.9,0.20155038759689922,0.8666666666666667,0.32704402515723274,0.5220883534136546,0.3259333741597862,0.7336996336996338,26,79,103,4,212,30,182,0.2753623188405797,0.2159090909090909,0.20155038759689922,0.8290000000000001,0.785,0.639,0.7,0.8,0.9
all_scope,HyperVul native MIL,mil_max,45,contract,precision_focused,target_precision,0.785,0.23529411764705882,0.8,0.2159090909090909,0.6333333333333333,0.3220338983050848,0.4567307692307692,0.3259333741597862,0.7336996336996338,19,113,69,11,212,30,182,0.2753623188405797,0.2159090909090909,0.20155038759689922,0.8290000000000001,0.785,0.639,0.7,0.8,0.9
all_scope,HyperVul native MIL,mil_max,46,contract,max_f1,max_f1,0.501,0.26666666666666666,0.6666666666666666,0.21621621621621623,0.5333333333333333,0.3076923076923077,0.4123711340206186,0.38562128856416356,0.7316849816849816,16,124,58,14,212,30,182,0.23809523809523808,0.23255813953488372,0.20353982300884957,0.445,0.421,0.306,0.7,0.8,0.9
all_scope,HyperVul native MIL,mil_max,46,contract,high_recall,target_recall,0.306,0.16770186335403728,0.9,0.20353982300884957,0.7666666666666667,0.3216783216783217,0.4935622317596567,0.38562128856416356,0.7316849816849816,23,92,90,7,212,30,182,0.23809523809523808,0.23255813953488372,0.20353982300884957,0.445,0.421,0.306,0.7,0.8,0.9
all_scope,HyperVul native MIL,mil_max,46,contract,precision_focused,target_precision,0.405,0.22935779816513763,0.8333333333333334,0.22988505747126436,0.6666666666666666,0.34188034188034183,0.48309178743961345,0.38562128856416356,0.7316849816849816,20,115,67,10,212,30,182,0.23809523809523808,0.23255813953488372,0.20353982300884957,0.445,0.421,0.306,0.7,0.8,0.9
all_scope,HyperVul native MIL,mil_topk,42,contract,max_f1,max_f1,0.607,0.26582278481012656,0.7,0.2345679012345679,0.6333333333333333,0.34234234234234234,0.47263681592039797,0.24469321639086405,0.6954212454212454,19,120,62,11,212,30,182,0.2345679012345679,0.1984126984126984,0.17058823529411765,0.607,0.404,0.151,0.7,0.8,0.9
all_scope,HyperVul native MIL,mil_topk,42,contract,high_recall,target_recall,0.151,0.13846153846153847,0.9,0.17058823529411765,0.9666666666666667,0.29000000000000004,0.5000000000000001,0.24469321639086405,0.6954212454212454,29,41,141,1,212,30,182,0.2345679012345679,0.1984126984126984,0.17058823529411765,0.607,0.404,0.151,0.7,0.8,0.9
all_scope,HyperVul native MIL,mil_topk,42,contract,precision_focused,target_precision,0.975,1.0,0.03333333333333333,0.0,0.0,0.0,0.0,0.24469321639086405,0.6954212454212454,0,182,0,30,212,30,182,0.2345679012345679,0.1984126984126984,0.17058823529411765,0.607,0.404,0.151,0.7,0.8,0.9
all_scope,HyperVul native MIL,mil_topk,43,contract,max_f1,max_f1,0.764,0.26666666666666666,0.6666666666666666,0.2345679012345679,0.6333333333333333,0.34234234234234234,0.47263681592039797,0.2865685671876514,0.714102564102564,19,120,62,11,212,30,182,0.25301204819277107,0.19047619047619047,0.1746987951807229,0.746,0.547,0.262,0.7,0.8,0.9
all_scope,HyperVul native MIL,mil_topk,43,contract,high_recall,target_recall,0.262,0.13846153846153847,0.9,0.1746987951807229,0.9666666666666667,0.29591836734693877,0.506993006993007,0.2865685671876514,0.714102564102564,29,45,137,1,212,30,182,0.25301204819277107,0.19047619047619047,0.1746987951807229,0.746,0.547,0.262,0.7,0.8,0.9
all_scope,HyperVul native MIL,mil_topk,43,contract,precision_focused,target_precision,0.979,1.0,0.03333333333333333,0.0,0.0,0.0,0.0,0.2865685671876514,0.714102564102564,0,182,0,30,212,30,182,0.25301204819277107,0.19047619047619047,0.1746987951807229,0.746,0.547,0.262,0.7,0.8,0.9
all_scope,HyperVul native MIL,mil_topk,44,contract,max_f1,max_f1,0.458,0.2777777777777778,0.6666666666666666,0.2608695652173913,0.6,0.36363636363636365,0.4761904761904763,0.28132910553309065,0.7124542124542125,18,131,51,12,212,30,182,0.2261904761904762,0.19327731092436976,0.17575757575757575,0.41200000000000003,0.28500000000000003,0.14400000000000002,0.7,0.8333333333333334,0.9
all_scope,HyperVul native MIL,mil_topk,44,contract,high_recall,target_recall,0.14400000000000002,0.14673913043478262,0.9,0.17575757575757575,0.9666666666666667,0.29743589743589743,0.5087719298245614,0.28132910553309065,0.7124542124542125,29,46,136,1,212,30,182,0.2261904761904762,0.19327731092436976,0.17575757575757575,0.41200000000000003,0.28500000000000003,0.14400000000000002,0.7,0.8333333333333334,0.9
all_scope,HyperVul native MIL,mil_topk,44,contract,precision_focused,target_precision,0.844,1.0,0.06666666666666667,0.5,0.03333333333333333,0.0625,0.040983606557377046,0.28132910553309065,0.7124542124542125,1,181,1,29,212,30,182,0.2261904761904762,0.19327731092436976,0.17575757575757575,0.41200000000000003,0.28500000000000003,0.14400000000000002,0.7,0.8333333333333334,0.9
all_scope,HyperVul native MIL,mil_topk,45,contract,max_f1,max_f1,0.811,0.26666666666666666,0.5333333333333333,0.2777777777777778,0.5,0.35714285714285715,0.43103448275862066,0.3254044655140423,0.7173992673992674,15,143,39,15,212,30,182,0.24096385542168675,0.2,0.17964071856287425,0.732,0.604,0.333,0.7,0.8,0.9
all_scope,HyperVul native MIL,mil_topk,45,contract,high_recall,target_recall,0.333,0.13989637305699482,0.9,0.17964071856287425,1.0,0.3045685279187817,0.5226480836236934,0.3254044655140423,0.7173992673992674,30,45,137,0,212,30,182,0.24096385542168675,0.2,0.17964071856287425,0.732,0.604,0.333,0.7,0.8,0.9
all_scope,HyperVul native MIL,mil_topk,45,contract,precision_focused,target_precision,0.9550000000000001,1.0,0.06666666666666667,0.0,0.0,0.0,0.0,0.3254044655140423,0.7173992673992674,0,182,0,30,212,30,182,0.24096385542168675,0.2,0.17964071856287425,0.732,0.604,0.333,0.7,0.8,0.9
all_scope,HyperVul native MIL,mil_topk,46,contract,max_f1,max_f1,0.318,0.22,0.7333333333333333,0.22093023255813954,0.6333333333333333,0.3275862068965517,0.4611650485436893,0.27293844738756967,0.697069597069597,19,115,67,11,212,30,182,0.22093023255813954,0.19327731092436976,0.1761006289308176,0.318,0.214,0.116,0.7333333333333333,0.8,0.9
all_scope,HyperVul native MIL,mil_topk,46,contract,high_recall,target_recall,0.116,0.15,0.9,0.1761006289308176,0.9333333333333333,0.2962962962962963,0.5017921146953405,0.27293844738756967,0.697069597069597,28,51,131,2,212,30,182,0.22093023255813954,0.19327731092436976,0.1761006289308176,0.318,0.214,0.116,0.7333333333333333,0.8,0.9
all_scope,HyperVul native MIL,mil_topk,46,contract,precision_focused,target_precision,0.853,1.0,0.03333333333333333,0.0,0.0,0.0,0.0,0.27293844738756967,0.697069597069597,0,182,0,30,212,30,182,0.22093023255813954,0.19327731092436976,0.1761006289308176,0.318,0.214,0.116,0.7333333333333333,0.8,0.9
all_scope,HyperVul native MIL,mil_attention,42,contract,max_f1,max_f1,0.604,0.26666666666666666,0.5333333333333333,0.22580645161290322,0.4666666666666667,0.3043478260869565,0.3846153846153846,0.2593337504600871,0.7005494505494506,14,134,48,16,212,30,182,0.2127659574468085,0.19834710743801653,0.1875,0.47500000000000003,0.34,0.229,0.7333333333333333,0.8,0.9
all_scope,HyperVul native MIL,mil_attention,42,contract,high_recall,target_recall,0.229,0.15168539325842698,0.9,0.1875,0.9,0.31034482758620696,0.5113636363636364,0.2593337504600871,0.7005494505494506,27,65,117,3,212,30,182,0.2127659574468085,0.19834710743801653,0.1875,0.47500000000000003,0.34,0.229,0.7333333333333333,0.8,0.9
all_scope,HyperVul native MIL,mil_attention,42,contract,precision_focused,target_precision,0.888,1.0,0.13333333333333333,0.25,0.03333333333333333,0.058823529411764705,0.04032258064516128,0.2593337504600871,0.7005494505494506,1,179,3,29,212,30,182,0.2127659574468085,0.19834710743801653,0.1875,0.47500000000000003,0.34,0.229,0.7333333333333333,0.8,0.9
all_scope,HyperVul native MIL,mil_attention,43,contract,max_f1,max_f1,0.8210000000000001,0.3090909090909091,0.5666666666666667,0.26153846153846155,0.5666666666666667,0.3578947368421053,0.4594594594594595,0.2743942677983352,0.7163003663003663,17,134,48,13,212,30,182,0.24324324324324326,0.2169811320754717,0.19444444444444445,0.786,0.676,0.395,0.7,0.8,0.9
all_scope,HyperVul native MIL,mil_attention,43,contract,high_recall,target_recall,0.395,0.14917127071823205,0.9,0.19444444444444445,0.9333333333333333,0.32183908045977017,0.5303030303030303,0.2743942677983352,0.7163003663003663,28,66,116,2,212,30,182,0.24324324324324326,0.2169811320754717,0.19444444444444445,0.786,0.676,0.395,0.7,0.8,0.9
all_scope,HyperVul native MIL,mil_attention,43,contract,precision_focused,target_precision,0.966,1.0,0.06666666666666667,0.25,0.03333333333333333,0.058823529411764705,0.04032258064516128,0.2743942677983352,0.7163003663003663,1,179,3,29,212,30,182,0.24324324324324326,0.2169811320754717,0.19444444444444445,0.786,0.676,0.395,0.7,0.8,0.9
all_scope,HyperVul native MIL,mil_attention,44,contract,max_f1,max_f1,0.529,0.2857142857142857,0.6,0.24242424242424243,0.5333333333333333,0.3333333333333333,0.4301075268817205,0.26388824843439046,0.6987179487179488,16,132,50,14,212,30,182,0.21348314606741572,0.21904761904761905,0.17834394904458598,0.432,0.356,0.182,0.7,0.8,0.9333333333333333
all_scope,HyperVul native MIL,mil_attention,44,contract,high_recall,target_recall,0.182,0.14507772020725387,0.9333333333333333,0.17834394904458598,0.9333333333333333,0.2994652406417112,0.5054151624548736,0.26388824843439046,0.6987179487179488,28,53,129,2,212,30,182,0.21348314606741572,0.21904761904761905,0.17834394904458598,0.432,0.356,0.182,0.7,0.8,0.9333333333333333
all_scope,HyperVul native MIL,mil_attention,44,contract,precision_focused,target_precision,0.839,1.0,0.1,0.5,0.2,0.28571428571428575,0.22727272727272727,0.26388824843439046,0.6987179487179488,6,176,6,24,212,30,182,0.21348314606741572,0.21904761904761905,0.17834394904458598,0.432,0.356,0.182,0.7,0.8,0.9333333333333333
all_scope,HyperVul native MIL,mil_attention,45,contract,max_f1,max_f1,0.874,0.2830188679245283,0.5,0.25862068965517243,0.5,0.34090909090909094,0.42134831460674155,0.2576679543336277,0.7047619047619048,15,139,43,15,212,30,182,0.22093023255813954,0.21428571428571427,0.19402985074626866,0.797,0.762,0.585,0.7,0.8,0.9
all_scope,HyperVul native MIL,mil_attention,45,contract,high_recall,target_recall,0.585,0.15254237288135594,0.9,0.19402985074626866,0.8666666666666667,0.3170731707317074,0.5118110236220472,0.2576679543336277,0.7047619047619048,26,74,108,4,212,30,182,0.22093023255813954,0.21428571428571427,0.19402985074626866,0.797,0.762,0.585,0.7,0.8,0.9
all_scope,HyperVul native MIL,mil_attention,45,contract,precision_focused,target_precision,0.967,1.0,0.1,0.16666666666666666,0.03333333333333333,0.05555555555555555,0.03968253968253968,0.2576679543336277,0.7047619047619048,1,177,5,29,212,30,182,0.22093023255813954,0.21428571428571427,0.19402985074626866,0.797,0.762,0.585,0.7,0.8,0.9
all_scope,HyperVul native MIL,mil_attention,46,contract,max_f1,max_f1,0.76,0.375,0.3,0.2631578947368421,0.3333333333333333,0.29411764705882354,0.3164556962025316,0.3156078081313708,0.713003663003663,10,154,28,20,212,30,182,0.21686746987951808,0.21875,0.2,0.516,0.466,0.294,0.7333333333333333,0.8,0.9333333333333333
all_scope,HyperVul native MIL,mil_attention,46,contract,high_recall,target_recall,0.294,0.15300546448087432,0.9333333333333333,0.2,0.8666666666666667,0.325,0.52,0.3156078081313708,0.713003663003663,26,78,104,4,212,30,182,0.21686746987951808,0.21875,0.2,0.516,0.466,0.294,0.7333333333333333,0.8,0.9333333333333333
all_scope,HyperVul native MIL,mil_attention,46,contract,precision_focused,target_precision,0.928,1.0,0.03333333333333333,0.0,0.0,0.0,0.0,0.3156078081313708,0.713003663003663,0,182,0,30,212,30,182,0.21686746987951808,0.21875,0.2,0.516,0.466,0.294,0.7333333333333333,0.8,0.9333333333333333
reentrancy_only,HyperVul native MIL,mil_max,42,contract,max_f1,max_f1,0.841,0.22857142857142856,0.5714285714285714,0.16666666666666666,0.375,0.23076923076923078,0.30000000000000004,0.29564619480024135,0.7002060439560439,6,152,30,10,198,16,182,0.13793103448275862,0.10256410256410256,0.11363636363636363,0.753,0.661,0.604,0.7142857142857143,0.8571428571428571,1.0
reentrancy_only,HyperVul native MIL,mil_max,42,contract,high_recall,target_recall,0.604,0.11290322580645161,1.0,0.11363636363636363,0.625,0.1923076923076923,0.3289473684210526,0.29564619480024135,0.7002060439560439,10,104,78,6,198,16,182,0.13793103448275862,0.10256410256410256,0.11363636363636363,0.753,0.661,0.604,0.7142857142857143,0.8571428571428571,1.0
reentrancy_only,HyperVul native MIL,mil_max,42,contract,precision_focused,target_precision,0.967,1.0,0.14285714285714285,1.0,0.0625,0.11764705882352941,0.07692307692307693,0.29564619480024135,0.7002060439560439,1,182,0,15,198,16,182,0.13793103448275862,0.10256410256410256,0.11363636363636363,0.753,0.661,0.604,0.7142857142857143,0.8571428571428571,1.0
reentrancy_only,HyperVul native MIL,mil_max,43,contract,max_f1,max_f1,0.785,0.2222222222222222,0.7142857142857143,0.19047619047619047,0.5,0.27586206896551724,0.3773584905660377,0.3662976213101794,0.7091346153846154,8,148,34,8,198,16,182,0.19047619047619047,0.12987012987012986,0.11702127659574468,0.785,0.624,0.529,0.7142857142857143,0.8571428571428571,1.0
reentrancy_only,HyperVul native MIL,mil_max,43,contract,high_recall,target_recall,0.529,0.0958904109589041,1.0,0.11702127659574468,0.6875,0.19999999999999998,0.34810126582278483,0.3662976213101794,0.7091346153846154,11,99,83,5,198,16,182,0.19047619047619047,0.12987012987012986,0.11702127659574468,0.785,0.624,0.529,0.7142857142857143,0.8571428571428571,1.0
reentrancy_only,HyperVul native MIL,mil_max,43,contract,precision_focused,target_precision,0.964,1.0,0.14285714285714285,0.0,0.0,0.0,0.0,0.3662976213101794,0.7091346153846154,0,182,0,16,198,16,182,0.19047619047619047,0.12987012987012986,0.11702127659574468,0.785,0.624,0.529,0.7142857142857143,0.8571428571428571,1.0
reentrancy_only,HyperVul native MIL,mil_max,44,contract,max_f1,max_f1,0.396,0.18181818181818182,0.7142857142857143,0.14,0.4375,0.21212121212121213,0.30701754385964913,0.35686670291082484,0.7050137362637363,7,139,43,9,198,16,182,0.14,0.14102564102564102,0.11578947368421053,0.396,0.255,0.197,0.7142857142857143,0.8571428571428571,0.9285714285714286
reentrancy_only,HyperVul native MIL,mil_max,44,contract,high_recall,target_recall,0.197,0.09285714285714286,0.9285714285714286,0.11578947368421053,0.6875,0.19819819819819817,0.34591194968553457,0.35686670291082484,0.7050137362637363,11,98,84,5,198,16,182,0.14,0.14102564102564102,0.11578947368421053,0.396,0.255,0.197,0.7142857142857143,0.8571428571428571,0.9285714285714286
reentrancy_only,HyperVul native MIL,mil_max,44,contract,precision_focused,target_precision,0.855,1.0,0.14285714285714285,1.0,0.0625,0.11764705882352941,0.07692307692307693,0.35686670291082484,0.7050137362637363,1,182,0,15,198,16,182,0.14,0.14102564102564102,0.11578947368421053,0.396,0.255,0.197,0.7142857142857143,0.8571428571428571,0.9285714285714286
reentrancy_only,HyperVul native MIL,mil_max,45,contract,max_f1,max_f1,0.28600000000000003,0.18867924528301888,0.7142857142857143,0.11666666666666667,0.4375,0.18421052631578946,0.28225806451612906,0.31000283928207345,0.7015796703296704,7,129,53,9,198,16,182,0.11666666666666667,0.10638297872340426,0.11764705882352941,0.28600000000000003,0.155,0.126,0.7142857142857143,0.8571428571428571,0.9285714285714286
reentrancy_only,HyperVul native MIL,mil_max,45,contract,high_recall,target_recall,0.126,0.09154929577464789,0.9285714285714286,0.11764705882352941,0.75,0.20338983050847456,0.36144578313253006,0.31000283928207345,0.7015796703296704,12,92,90,4,198,16,182,0.11666666666666667,0.10638297872340426,0.11764705882352941,0.28600000000000003,0.155,0.126,0.7142857142857143,0.8571428571428571,0.9285714285714286
reentrancy_only,HyperVul native MIL,mil_max,45,contract,precision_focused,target_precision,0.858,1.0,0.14285714285714285,0.0,0.0,0.0,0.0,0.31000283928207345,0.7015796703296704,0,182,0,16,198,16,182,0.11666666666666667,0.10638297872340426,0.11764705882352941,0.28600000000000003,0.155,0.126,0.7142857142857143,0.8571428571428571,0.9285714285714286
reentrancy_only,HyperVul native MIL,mil_max,46,contract,max_f1,max_f1,0.714,0.2,0.6428571428571429,0.1875,0.375,0.25,0.3125,0.3431050433579348,0.6923076923076923,6,156,26,10,198,16,182,0.125,0.13414634146341464,0.13414634146341464,0.608,0.506,0.506,0.7142857142857143,0.9285714285714286,0.9285714285714286
reentrancy_only,HyperVul native MIL,mil_max,46,contract,high_recall,target_recall,0.506,0.0948905109489051,0.9285714285714286,0.13414634146341464,0.6875,0.22448979591836735,0.3767123287671233,0.3431050433579348,0.6923076923076923,11,111,71,5,198,16,182,0.125,0.13414634146341464,0.13414634146341464,0.608,0.506,0.506,0.7142857142857143,0.9285714285714286,0.9285714285714286
reentrancy_only,HyperVul native MIL,mil_max,46,contract,precision_focused,target_precision,0.714,0.2,0.6428571428571429,0.1875,0.375,0.25,0.3125,0.3431050433579348,0.6923076923076923,6,156,26,10,198,16,182,0.125,0.13414634146341464,0.13414634146341464,0.608,0.506,0.506,0.7142857142857143,0.9285714285714286,0.9285714285714286
reentrancy_only,HyperVul native MIL,mil_topk,42,contract,max_f1,max_f1,0.9380000000000001,0.3333333333333333,0.21428571428571427,0.6666666666666666,0.25,0.36363636363636365,0.2857142857142857,0.2868809652793406,0.7022664835164835,4,180,2,12,198,16,182,0.10666666666666667,0.11926605504587157,0.11926605504587157,0.664,0.51,0.51,0.7857142857142857,0.9285714285714286,0.9285714285714286
reentrancy_only,HyperVul native MIL,mil_topk,42,contract,high_recall,target_recall,0.51,0.09090909090909091,0.9285714285714286,0.11926605504587157,0.8125,0.20800000000000002,0.37572254335260113,0.2868809652793406,0.7022664835164835,13,86,96,3,198,16,182,0.10666666666666667,0.11926605504587157,0.11926605504587157,0.664,0.51,0.51,0.7857142857142857,0.9285714285714286,0.9285714285714286
reentrancy_only,HyperVul native MIL,mil_topk,42,contract,precision_focused,target_precision,0.969,1.0,0.14285714285714285,0.0,0.0,0.0,0.0,0.2868809652793406,0.7022664835164835,0,182,0,16,198,16,182,0.10666666666666667,0.11926605504587157,0.11926605504587157,0.664,0.51,0.51,0.7857142857142857,0.9285714285714286,0.9285714285714286
reentrancy_only,HyperVul native MIL,mil_topk,43,contract,max_f1,max_f1,0.972,1.0,0.14285714285714285,0.0,0.0,0.0,0.0,0.2807893591657865,0.7039835164835165,0,182,0,16,198,16,182,0.12264150943396226,0.12264150943396226,0.12264150943396226,0.559,0.559,0.559,0.9285714285714286,0.9285714285714286,0.9285714285714286
reentrancy_only,HyperVul native MIL,mil_topk,43,contract,high_recall,target_recall,0.559,0.09848484848484848,0.9285714285714286,0.12264150943396226,0.8125,0.21311475409836067,0.38235294117647056,0.2807893591657865,0.7039835164835165,13,89,93,3,198,16,182,0.12264150943396226,0.12264150943396226,0.12264150943396226,0.559,0.559,0.559,0.9285714285714286,0.9285714285714286,0.9285714285714286
reentrancy_only,HyperVul native MIL,mil_topk,43,contract,precision_focused,target_precision,0.972,1.0,0.14285714285714285,0.0,0.0,0.0,0.0,0.2807893591657865,0.7039835164835165,0,182,0,16,198,16,182,0.12264150943396226,0.12264150943396226,0.12264150943396226,0.559,0.559,0.559,0.9285714285714286,0.9285714285714286,0.9285714285714286
reentrancy_only,HyperVul native MIL,mil_topk,44,contract,max_f1,max_f1,0.859,1.0,0.14285714285714285,0.0,0.0,0.0,0.0,0.3033244696385239,0.698489010989011,0,182,0,16,198,16,182,0.1262135922330097,0.1262135922330097,0.1262135922330097,0.154,0.154,0.154,0.9285714285714286,0.9285714285714286,0.9285714285714286
reentrancy_only,HyperVul native MIL,mil_topk,44,contract,high_recall,target_recall,0.154,0.10077519379844961,0.9285714285714286,0.1262135922330097,0.8125,0.2184873949579832,0.3892215568862275,0.3033244696385239,0.698489010989011,13,92,90,3,198,16,182,0.1262135922330097,0.1262135922330097,0.1262135922330097,0.154,0.154,0.154,0.9285714285714286,0.9285714285714286,0.9285714285714286
reentrancy_only,HyperVul native MIL,mil_topk,44,contract,precision_focused,target_precision,0.859,1.0,0.14285714285714285,0.0,0.0,0.0,0.0,0.3033244696385239,0.698489010989011,0,182,0,16,198,16,182,0.1262135922330097,0.1262135922330097,0.1262135922330097,0.154,0.154,0.154,0.9285714285714286,0.9285714285714286,0.9285714285714286
reentrancy_only,HyperVul native MIL,mil_topk,45,contract,max_f1,max_f1,0.89,1.0,0.14285714285714285,0.0,0.0,0.0,0.0,0.2827568462051317,0.7098214285714286,0,182,0,16,198,16,182,0.1188118811881188,0.1188118811881188,0.1188118811881188,0.176,0.176,0.176,0.9285714285714286,0.9285714285714286,0.9285714285714286
reentrancy_only,HyperVul native MIL,mil_topk,45,contract,high_recall,target_recall,0.176,0.10833333333333334,0.9285714285714286,0.1188118811881188,0.75,0.20512820512820512,0.3636363636363636,0.2827568462051317,0.7098214285714286,12,93,89,4,198,16,182,0.1188118811881188,0.1188118811881188,0.1188118811881188,0.176,0.176,0.176,0.9285714285714286,0.9285714285714286,0.9285714285714286
reentrancy_only,HyperVul native MIL,mil_topk,45,contract,precision_focused,target_precision,0.89,1.0,0.14285714285714285,0.0,0.0,0.0,0.0,0.2827568462051317,0.7098214285714286,0,182,0,16,198,16,182,0.1188118811881188,0.1188118811881188,0.1188118811881188,0.176,0.176,0.176,0.9285714285714286,0.9285714285714286,0.9285714285714286
reentrancy_only,HyperVul native MIL,mil_topk,46,contract,max_f1,max_f1,0.9420000000000001,0.5,0.14285714285714285,0.0,0.0,0.0,0.0,0.3584050217458278,0.701923076923077,0,182,0,16,198,16,182,0.10666666666666667,0.1092436974789916,0.1092436974789916,0.642,0.458,0.458,0.7857142857142857,1.0,1.0
reentrancy_only,HyperVul native MIL,mil_topk,46,contract,high_recall,target_recall,0.458,0.08383233532934131,1.0,0.1092436974789916,0.8125,0.1925925925925926,0.3551912568306011,0.3584050217458278,0.701923076923077,13,76,106,3,198,16,182,0.10666666666666667,0.1092436974789916,0.1092436974789916,0.642,0.458,0.458,0.7857142857142857,1.0,1.0
reentrancy_only,HyperVul native MIL,mil_topk,46,contract,precision_focused,target_precision,0.738,0.13043478260869565,0.6428571428571429,0.1320754716981132,0.4375,0.2028985507246377,0.29914529914529914,0.3584050217458278,0.701923076923077,7,136,46,9,198,16,182,0.10666666666666667,0.1092436974789916,0.1092436974789916,0.642,0.458,0.458,0.7857142857142857,1.0,1.0
reentrancy_only,HyperVul native MIL,mil_attention,42,contract,max_f1,max_f1,0.882,0.6,0.21428571428571427,0.38461538461538464,0.3125,0.3448275862068966,0.3246753246753247,0.19930250507881642,0.696771978021978,5,174,8,11,198,16,182,0.13157894736842105,0.13157894736842105,0.12371134020618557,0.47400000000000003,0.47400000000000003,0.342,0.8571428571428571,0.8571428571428571,1.0
reentrancy_only,HyperVul native MIL,mil_attention,42,contract,high_recall,target_recall,0.342,0.10071942446043165,1.0,0.12371134020618557,0.75,0.21238938053097345,0.37267080745341613,0.19930250507881642,0.696771978021978,12,97,85,4,198,16,182,0.13157894736842105,0.13157894736842105,0.12371134020618557,0.47400000000000003,0.47400000000000003,0.342,0.8571428571428571,0.8571428571428571,1.0
reentrancy_only,HyperVul native MIL,mil_attention,42,contract,precision_focused,target_precision,0.9440000000000001,1.0,0.14285714285714285,0.0,0.0,0.0,0.0,0.19930250507881642,0.696771978021978,0,182,0,16,198,16,182,0.13157894736842105,0.13157894736842105,0.12371134020618557,0.47400000000000003,0.47400000000000003,0.342,0.8571428571428571,0.8571428571428571,1.0
reentrancy_only,HyperVul native MIL,mil_attention,43,contract,max_f1,max_f1,0.9450000000000001,0.6,0.21428571428571427,0.35294117647058826,0.375,0.3636363636363636,0.3703703703703704,0.31907980062494434,0.7163461538461539,6,171,11,10,198,16,182,0.15492957746478872,0.12264150943396226,0.12264150943396226,0.704,0.5690000000000001,0.5690000000000001,0.7857142857142857,1.0,1.0
reentrancy_only,HyperVul native MIL,mil_attention,43,contract,high_recall,target_recall,0.5690000000000001,0.1044776119402985,1.0,0.12264150943396226,0.8125,0.21311475409836067,0.38235294117647056,0.31907980062494434,0.7163461538461539,13,89,93,3,198,16,182,0.15492957746478872,0.12264150943396226,0.12264150943396226,0.704,0.5690000000000001,0.5690000000000001,0.7857142857142857,1.0,1.0
reentrancy_only,HyperVul native MIL,mil_attention,43,contract,precision_focused,target_precision,0.973,1.0,0.14285714285714285,1.0,0.0625,0.11764705882352941,0.07692307692307693,0.31907980062494434,0.7163461538461539,1,182,0,15,198,16,182,0.15492957746478872,0.12264150943396226,0.12264150943396226,0.704,0.5690000000000001,0.5690000000000001,0.7857142857142857,1.0,1.0
reentrancy_only,HyperVul native MIL,mil_attention,44,contract,max_f1,max_f1,0.534,0.42857142857142855,0.21428571428571427,0.25,0.3125,0.2777777777777778,0.2976190476190476,0.2601691220541123,0.7019230769230769,5,167,15,11,198,16,182,0.14285714285714285,0.13636363636363635,0.13541666666666666,0.158,0.11800000000000001,0.107,0.7142857142857143,0.8571428571428571,0.9285714285714286
reentrancy_only,HyperVul native MIL,mil_attention,44,contract,high_recall,target_recall,0.107,0.10077519379844961,0.9285714285714286,0.13541666666666666,0.8125,0.23214285714285712,0.40625,0.2601691220541123,0.7019230769230769,13,99,83,3,198,16,182,0.14285714285714285,0.13636363636363635,0.13541666666666666,0.158,0.11800000000000001,0.107,0.7142857142857143,0.8571428571428571,0.9285714285714286
reentrancy_only,HyperVul native MIL,mil_attention,44,contract,precision_focused,target_precision,0.746,1.0,0.07142857142857142,0.3,0.1875,0.23076923076923075,0.20270270270270271,0.2601691220541123,0.7019230769230769,3,175,7,13,198,16,182,0.14285714285714285,0.13636363636363635,0.13541666666666666,0.158,0.11800000000000001,0.107,0.7142857142857143,0.8571428571428571,0.9285714285714286
reentrancy_only,HyperVul native MIL,mil_attention,45,contract,max_f1,max_f1,0.851,0.6,0.21428571428571427,0.3125,0.3125,0.3125,0.3125,0.20943440229783472,0.7163461538461539,5,171,11,11,198,16,182,0.16,0.14457831325301204,0.12903225806451613,0.4,0.342,0.276,0.7857142857142857,0.8571428571428571,1.0
reentrancy_only,HyperVul native MIL,mil_attention,45,contract,high_recall,target_recall,0.276,0.10526315789473684,1.0,0.12903225806451613,0.75,0.2201834862385321,0.3821656050955414,0.20943440229783472,0.7163461538461539,12,101,81,4,198,16,182,0.16,0.14457831325301204,0.12903225806451613,0.4,0.342,0.276,0.7857142857142857,0.8571428571428571,1.0
reentrancy_only,HyperVul native MIL,mil_attention,45,contract,precision_focused,target_precision,0.933,1.0,0.14285714285714285,0.0,0.0,0.0,0.0,0.20943440229783472,0.7163461538461539,0,180,2,16,198,16,182,0.16,0.14457831325301204,0.12903225806451613,0.4,0.342,0.276,0.7857142857142857,0.8571428571428571,1.0
reentrancy_only,HyperVul native MIL,mil_attention,46,contract,max_f1,max_f1,0.908,0.5,0.21428571428571427,0.5,0.25,0.3333333333333333,0.2777777777777778,0.31807657160230474,0.7067307692307692,4,178,4,12,198,16,182,0.15,0.13095238095238096,0.13095238095238096,0.7000000000000001,0.562,0.562,0.7142857142857143,0.9285714285714286,0.9285714285714286
reentrancy_only,HyperVul native MIL,mil_attention,46,contract,high_recall,target_recall,0.562,0.09774436090225563,0.9285714285714286,0.13095238095238096,0.6875,0.22,0.37162162162162166,0.31807657160230474,0.7067307692307692,11,109,73,5,198,16,182,0.15,0.13095238095238096,0.13095238095238096,0.7000000000000001,0.562,0.562,0.7142857142857143,0.9285714285714286,0.9285714285714286
reentrancy_only,HyperVul native MIL,mil_attention,46,contract,precision_focused,target_precision,0.7000000000000001,0.11363636363636363,0.7142857142857143,0.15,0.5625,0.23684210526315785,0.36290322580645157,0.31807657160230474,0.7067307692307692,9,131,51,7,198,16,182,0.15,0.13095238095238096,0.13095238095238096,0.7000000000000001,0.562,0.562,0.7142857142857143,0.9285714285714286,0.9285714285714286
all_scope,Current wrapped interaction HyperVul,wrapped_max,42,contract,max_f1,max_f1,0.915,0.3333333333333333,0.5666666666666667,0.21311475409836064,0.43333333333333335,0.2857142857142857,0.35911602209944754,0.3199651800786185,0.7055860805860806,13,134,48,17,212,30,182,0.23076923076923078,0.22608695652173913,0.18543046357615894,0.867,0.8130000000000001,0.488,0.7,0.8,0.9666666666666667
all_scope,Current wrapped interaction HyperVul,wrapped_max,42,contract,high_recall,target_recall,0.488,0.16022099447513813,0.9666666666666667,0.18543046357615894,0.9333333333333333,0.30939226519337015,0.5166051660516605,0.3199651800786185,0.7055860805860806,28,59,123,2,212,30,182,0.23076923076923078,0.22608695652173913,0.18543046357615894,0.867,0.8130000000000001,0.488,0.7,0.8,0.9666666666666667
all_scope,Current wrapped interaction HyperVul,wrapped_max,42,contract,precision_focused,target_precision,0.971,0.8,0.13333333333333333,0.3076923076923077,0.13333333333333333,0.18604651162790697,0.15037593984962408,0.3199651800786185,0.7055860805860806,4,173,9,26,212,30,182,0.23076923076923078,0.22608695652173913,0.18543046357615894,0.867,0.8130000000000001,0.488,0.7,0.8,0.9666666666666667
all_scope,Current wrapped interaction HyperVul,wrapped_max,43,contract,max_f1,max_f1,0.646,0.31666666666666665,0.6333333333333333,0.2608695652173913,0.6,0.36363636363636365,0.4761904761904763,0.3250888391792861,0.7180402930402932,18,131,51,12,212,30,182,0.26582278481012656,0.24299065420560748,0.1888111888111888,0.597,0.422,0.213,0.7,0.8,0.9666666666666667
all_scope,Current wrapped interaction HyperVul,wrapped_max,43,contract,high_recall,target_recall,0.213,0.1657142857142857,0.9666666666666667,0.1888111888111888,0.9,0.3121387283236994,0.5133079847908745,0.3250888391792861,0.7180402930402932,27,66,116,3,212,30,182,0.26582278481012656,0.24299065420560748,0.1888111888111888,0.597,0.422,0.213,0.7,0.8,0.9666666666666667
all_scope,Current wrapped interaction HyperVul,wrapped_max,43,contract,precision_focused,target_precision,0.985,1.0,0.03333333333333333,0.0,0.0,0.0,0.0,0.3250888391792861,0.7180402930402932,0,182,0,30,212,30,182,0.26582278481012656,0.24299065420560748,0.1888111888111888,0.597,0.422,0.213,0.7,0.8,0.9666666666666667
all_scope,Current wrapped interaction HyperVul,wrapped_max,44,contract,max_f1,max_f1,0.56,0.31666666666666665,0.6333333333333333,0.2625,0.7,0.38181818181818183,0.525,0.30727672045403354,0.7212454212454213,21,123,59,9,212,30,182,0.25,0.2403846153846154,0.1891891891891892,0.428,0.354,0.07200000000000001,0.7333333333333333,0.8,0.9
all_scope,Current wrapped interaction HyperVul,wrapped_max,44,contract,high_recall,target_recall,0.07200000000000001,0.16167664670658682,0.9,0.1891891891891892,0.9333333333333333,0.3146067415730337,0.5223880597014926,0.30727672045403354,0.7212454212454213,28,62,120,2,212,30,182,0.25,0.2403846153846154,0.1891891891891892,0.428,0.354,0.07200000000000001,0.7333333333333333,0.8,0.9
all_scope,Current wrapped interaction HyperVul,wrapped_max,44,contract,precision_focused,target_precision,0.994,1.0,0.03333333333333333,0.0,0.0,0.0,0.0,0.30727672045403354,0.7212454212454213,0,182,0,30,212,30,182,0.25,0.2403846153846154,0.1891891891891892,0.428,0.354,0.07200000000000001,0.7333333333333333,0.8,0.9
all_scope,Current wrapped interaction HyperVul,wrapped_max,45,contract,max_f1,max_f1,0.775,0.3333333333333333,0.6333333333333333,0.2602739726027397,0.6333333333333333,0.36893203883495146,0.49222797927461137,0.2841057304425055,0.7312271062271062,19,128,54,11,212,30,182,0.27906976744186046,0.21666666666666667,0.18064516129032257,0.6970000000000001,0.485,0.14100000000000001,0.7,0.8,0.9333333333333333
all_scope,Current wrapped interaction HyperVul,wrapped_max,45,contract,high_recall,target_recall,0.14100000000000001,0.14432989690721648,0.9333333333333333,0.18064516129032257,0.9333333333333333,0.30270270270270266,0.5090909090909091,0.2841057304425055,0.7312271062271062,28,55,127,2,212,30,182,0.27906976744186046,0.21666666666666667,0.18064516129032257,0.6970000000000001,0.485,0.14100000000000001,0.7,0.8,0.9333333333333333
all_scope,Current wrapped interaction HyperVul,wrapped_max,45,contract,precision_focused,target_precision,0.989,1.0,0.03333333333333333,0.0,0.0,0.0,0.0,0.2841057304425055,0.7312271062271062,0,182,0,30,212,30,182,0.27906976744186046,0.21666666666666667,0.18064516129032257,0.6970000000000001,0.485,0.14100000000000001,0.7,0.8,0.9333333333333333
all_scope,Current wrapped interaction HyperVul,wrapped_max,46,contract,max_f1,max_f1,0.401,0.2714285714285714,0.6333333333333333,0.24719101123595505,0.7333333333333333,0.36974789915966383,0.5263157894736842,0.3340062323311265,0.7271978021978022,22,115,67,8,212,30,182,0.23636363636363636,0.23636363636363636,0.18354430379746836,0.274,0.274,0.052000000000000005,0.8,0.8,0.9
all_scope,Current wrapped interaction HyperVul,wrapped_max,46,contract,high_recall,target_recall,0.052000000000000005,0.14673913043478262,0.9,0.18354430379746836,0.9666666666666667,0.3085106382978724,0.5215827338129496,0.3340062323311265,0.7271978021978022,29,53,129,1,212,30,182,0.23636363636363636,0.23636363636363636,0.18354430379746836,0.274,0.274,0.052000000000000005,0.8,0.8,0.9
all_scope,Current wrapped interaction HyperVul,wrapped_max,46,contract,precision_focused,target_precision,0.99,1.0,0.03333333333333333,0.0,0.0,0.0,0.0,0.3340062323311265,0.7271978021978022,0,182,0,30,212,30,182,0.23636363636363636,0.23636363636363636,0.18354430379746836,0.274,0.274,0.052000000000000005,0.8,0.8,0.9
