run,model,pooling,seed,level,threshold_policy,selection_policy,threshold,validation_precision_at_threshold,validation_recall_at_threshold,precision,recall,f1,f2,pr_auc,roc_auc,tp,tn,fp,fn,support,positive_support,negative_support
all_scope,HyperVul native MIL,mil_max,42,interaction,max_f1,max_f1,0.728,0.3333333333333333,0.2549019607843137,0.15789473684210525,0.15,0.15384615384615385,0.15151515151515152,0.11220115951527469,0.8015889830508475,6,1148,32,34,1220,40,1180
all_scope,HyperVul native MIL,mil_max,42,interaction,high_recall,target_recall,0.192,0.04204753199268738,0.9019607843137255,0.050387596899224806,0.975,0.09582309582309582,0.20877944325481798,0.11220115951527469,0.8015889830508475,39,445,735,1,1220,40,1180
all_scope,HyperVul native MIL,mil_max,42,interaction,precision_focused,target_precision,0.503,0.11851851851851852,0.6274509803921569,0.11627906976744186,0.625,0.19607843137254904,0.33333333333333337,0.11220115951527469,0.8015889830508475,25,990,190,15,1220,40,1180
all_scope,HyperVul native MIL,mil_max,43,interaction,max_f1,max_f1,0.891,0.3023255813953488,0.2549019607843137,0.16326530612244897,0.2,0.17977528089887637,0.1913875598086124,0.12395303392298275,0.8069915254237288,8,1139,41,32,1220,40,1180
all_scope,HyperVul native MIL,mil_max,43,interaction,high_recall,target_recall,0.23500000000000001,0.045142296368989206,0.9019607843137255,0.05033112582781457,0.95,0.09559748427672957,0.20765027322404372,0.12395303392298275,0.8069915254237288,38,463,717,2,1220,40,1180
all_scope,HyperVul native MIL,mil_max,43,interaction,precision_focused,target_precision,0.706,0.11888111888111888,0.6666666666666666,0.11304347826086956,0.65,0.19259259259259257,0.3333333333333333,0.12395303392298275,0.8069915254237288,26,976,204,14,1220,40,1180
all_scope,HyperVul native MIL,mil_max,44,interaction,max_f1,max_f1,0.676,0.27586206896551724,0.3137254901960784,0.17391304347826086,0.3,0.2201834862385321,0.26200873362445415,0.14221232805738998,0.8098305084745763,12,1123,57,28,1220,40,1180
all_scope,HyperVul native MIL,mil_max,44,interaction,high_recall,target_recall,0.162,0.05686032138442522,0.9019607843137255,0.05529225908372828,0.875,0.10401188707280833,0.22068095838587645,0.14221232805738998,0.8098305084745763,35,582,598,5,1220,40,1180
all_scope,HyperVul native MIL,mil_max,44,interaction,precision_focused,target_precision,0.399,0.12457912457912458,0.7254901960784313,0.10037174721189591,0.675,0.17475728155339806,0.31468531468531474,0.14221232805738998,0.8098305084745763,27,938,242,13,1220,40,1180
all_scope,HyperVul native MIL,mil_max,45,interaction,max_f1,max_f1,0.905,0.3137254901960784,0.3137254901960784,0.20454545454545456,0.225,0.2142857142857143,0.22058823529411764,0.12321792564625655,0.8037288135593221,9,1145,35,31,1220,40,1180
all_scope,HyperVul native MIL,mil_max,45,interaction,high_recall,target_recall,0.34800000000000003,0.04590818363273453,0.9019607843137255,0.049586776859504134,0.9,0.09399477806788513,0.20316027088036115,0.12321792564625655,0.8037288135593221,36,490,690,4,1220,40,1180
all_scope,HyperVul native MIL,mil_max,45,interaction,precision_focused,target_precision,0.785,0.11552346570397112,0.6274509803921569,0.11267605633802817,0.6,0.18972332015810275,0.32171581769436997,0.12321792564625655,0.8037288135593221,24,991,189,16,1220,40,1180
all_scope,HyperVul native MIL,mil_max,46,interaction,max_f1,max_f1,0.662,0.20634920634920634,0.2549019607843137,0.14285714285714285,0.225,0.17475728155339804,0.20179372197309417,0.15911904127347243,0.7957415254237288,9,1126,54,31,1220,40,1180
all_scope,HyperVul native MIL,mil_max,46,interaction,high_recall,target_recall,0.122,0.04474708171206226,0.9019607843137255,0.05099150141643059,0.9,0.09651474530831099,0.20785219399538107,0.15911904127347243,0.7957415254237288,36,510,670,4,1220,40,1180
all_scope,HyperVul native MIL,mil_max,46,interaction,precision_focused,target_precision,0.438,0.11494252873563218,0.5882352941176471,0.11214953271028037,0.6,0.1889763779527559,0.32085561497326204,0.15911904127347243,0.7957415254237288,24,990,190,16,1220,40,1180
all_scope,HyperVul native MIL,mil_topk,42,interaction,max_f1,max_f1,0.932,0.34375,0.21568627450980393,0.1,0.05,0.06666666666666667,0.05555555555555556,0.11364115112060123,0.7989618644067796,2,1162,18,38,1220,40,1180
all_scope,HyperVul native MIL,mil_topk,42,interaction,high_recall,target_recall,0.105,0.04013961605584642,0.9019607843137255,0.04721549636803874,0.975,0.09006928406466512,0.19776876267748478,0.11364115112060123,0.7989618644067796,39,393,787,1,1220,40,1180
all_scope,HyperVul native MIL,mil_topk,42,interaction,precision_focused,target_precision,0.785,0.16546762589928057,0.45098039215686275,0.14634146341463414,0.45,0.2208588957055215,0.31802120141342755,0.11364115112060123,0.7989618644067796,18,1075,105,22,1220,40,1180
all_scope,HyperVul native MIL,mil_topk,43,interaction,max_f1,max_f1,0.915,0.2222222222222222,0.35294117647058826,0.13513513513513514,0.25,0.1754385964912281,0.21367521367521367,0.12132372578550993,0.8088771186440677,10,1116,64,30,1220,40,1180
all_scope,HyperVul native MIL,mil_topk,43,interaction,high_recall,target_recall,0.17,0.04034334763948498,0.9215686274509803,0.046706586826347304,0.975,0.08914285714285715,0.19597989949748745,0.12132372578550993,0.8088771186440677,39,384,796,1,1220,40,1180
all_scope,HyperVul native MIL,mil_topk,43,interaction,precision_focused,target_precision,0.866,0.16556291390728478,0.49019607843137253,0.14173228346456693,0.45,0.2155688622754491,0.313588850174216,0.12132372578550993,0.8088771186440677,18,1071,109,22,1220,40,1180
all_scope,HyperVul native MIL,mil_topk,44,interaction,max_f1,max_f1,0.7010000000000001,0.22580645161290322,0.27450980392156865,0.16,0.3,0.20869565217391306,0.2553191489361702,0.12028081613606331,0.8070338983050849,12,1117,63,28,1220,40,1180
all_scope,HyperVul native MIL,mil_topk,44,interaction,high_recall,target_recall,0.14100000000000001,0.04946236559139785,0.9019607843137255,0.05194805194805195,0.9,0.09822646657571624,0.21101992966002348,0.12028081613606331,0.8070338983050849,36,523,657,4,1220,40,1180
all_scope,HyperVul native MIL,mil_topk,44,interaction,precision_focused,target_precision,0.40900000000000003,0.10682492581602374,0.7058823529411765,0.10276679841897234,0.65,0.17747440273037543,0.31476997578692495,0.12028081613606331,0.8070338983050849,26,953,227,14,1220,40,1180
all_scope,HyperVul native MIL,mil_topk,45,interaction,max_f1,max_f1,0.93,0.3,0.23529411764705882,0.08333333333333333,0.05,0.0625,0.05434782608695652,0.11950895265395547,0.8146186440677966,2,1158,22,38,1220,40,1180
all_scope,HyperVul native MIL,mil_topk,45,interaction,high_recall,target_recall,0.397,0.050716648291069456,0.9019607843137255,0.05572755417956656,0.9,0.10495626822157435,0.22332506203473945,0.11950895265395547,0.8146186440677966,36,570,610,4,1220,40,1180
all_scope,HyperVul native MIL,mil_topk,45,interaction,precision_focused,target_precision,0.85,0.14814814814814814,0.47058823529411764,0.13821138211382114,0.425,0.2085889570552147,0.3003533568904594,0.11950895265395547,0.8146186440677966,17,1074,106,23,1220,40,1180
all_scope,HyperVul native MIL,mil_topk,46,interaction,max_f1,max_f1,0.712,0.24390243902439024,0.19607843137254902,0.1702127659574468,0.2,0.18390804597701152,0.19323671497584544,0.11419172221251364,0.7919915254237289,8,1141,39,32,1220,40,1180
all_scope,HyperVul native MIL,mil_topk,46,interaction,high_recall,target_recall,0.111,0.05043859649122807,0.9019607843137255,0.05421686746987952,0.9,0.10227272727272727,0.21844660194174756,0.11419172221251364,0.7919915254237289,36,552,628,4,1220,40,1180
all_scope,HyperVul native MIL,mil_topk,46,interaction,precision_focused,target_precision,0.46,0.11682242990654206,0.49019607843137253,0.12962962962962962,0.525,0.20792079207920788,0.32608695652173914,0.11419172221251364,0.7919915254237289,21,1039,141,19,1220,40,1180
all_scope,HyperVul native MIL,mil_attention,42,interaction,max_f1,max_f1,0.758,0.16783216783216784,0.47058823529411764,0.1282051282051282,0.375,0.19108280254777069,0.27075812274368233,0.12495079990490968,0.8075,15,1078,102,25,1220,40,1180
all_scope,HyperVul native MIL,mil_attention,42,interaction,high_recall,target_recall,0.113,0.0432780847145488,0.9215686274509803,0.04785276073619632,0.975,0.09122807017543859,0.20000000000000004,0.12495079990490968,0.8075,39,404,776,1,1220,40,1180
all_scope,HyperVul native MIL,mil_attention,42,interaction,precision_focused,target_precision,0.758,0.16783216783216784,0.47058823529411764,0.1282051282051282,0.375,0.19108280254777069,0.27075812274368233,0.12495079990490968,0.8075,15,1078,102,25,1220,40,1180
all_scope,HyperVul native MIL,mil_attention,43,interaction,max_f1,max_f1,0.926,0.19387755102040816,0.37254901960784315,0.16049382716049382,0.325,0.21487603305785125,0.26970954356846477,0.13042147122328954,0.8112923728813559,13,1112,68,27,1220,40,1180
all_scope,HyperVul native MIL,mil_attention,43,interaction,high_recall,target_recall,0.176,0.04178019981834696,0.9019607843137255,0.048507462686567165,0.975,0.0924170616113744,0.20228215767634855,0.13042147122328954,0.8112923728813559,39,415,765,1,1220,40,1180
all_scope,HyperVul native MIL,mil_attention,43,interaction,precision_focused,target_precision,0.901,0.16326530612244897,0.47058823529411764,0.13333333333333333,0.4,0.2,0.2857142857142857,0.13042147122328954,0.8112923728813559,16,1076,104,24,1220,40,1180
all_scope,HyperVul native MIL,mil_attention,44,interaction,max_f1,max_f1,0.773,0.2,0.29411764705882354,0.14772727272727273,0.325,0.203125,0.2620967741935484,0.13442597703208098,0.8033898305084746,13,1105,75,27,1220,40,1180
all_scope,HyperVul native MIL,mil_attention,44,interaction,high_recall,target_recall,0.162,0.04946236559139785,0.9019607843137255,0.04807692307692308,0.875,0.09114583333333333,0.19707207207207209,0.13442597703208098,0.8033898305084746,35,487,693,5,1220,40,1180
all_scope,HyperVul native MIL,mil_attention,44,interaction,precision_focused,target_precision,0.552,0.11295681063122924,0.6666666666666666,0.11255411255411256,0.65,0.1918819188191882,0.3324808184143223,0.13442597703208098,0.8033898305084746,26,975,205,14,1220,40,1180
all_scope,HyperVul native MIL,mil_attention,45,interaction,max_f1,max_f1,0.9580000000000001,0.26666666666666666,0.23529411764705882,0.18181818181818182,0.15,0.16438356164383564,0.15544041450777205,0.14477990326266596,0.8148516949152542,6,1153,27,34,1220,40,1180
all_scope,HyperVul native MIL,mil_attention,45,interaction,high_recall,target_recall,0.394,0.045771144278606964,0.9019607843137255,0.05454545454545454,0.975,0.10331125827814569,0.22285714285714284,0.14477990326266596,0.8148516949152542,39,504,676,1,1220,40,1180
all_scope,HyperVul native MIL,mil_attention,45,interaction,precision_focused,target_precision,0.907,0.13705583756345177,0.5294117647058824,0.11678832116788321,0.4,0.18079096045197743,0.26936026936026936,0.14477990326266596,0.8148516949152542,16,1059,121,24,1220,40,1180
all_scope,HyperVul native MIL,mil_attention,46,interaction,max_f1,max_f1,0.777,0.13970588235294118,0.37254901960784315,0.12173913043478261,0.35,0.1806451612903226,0.2545454545454546,0.14774509203533231,0.7999576271186442,14,1079,101,26,1220,40,1180
all_scope,HyperVul native MIL,mil_attention,46,interaction,high_recall,target_recall,0.181,0.04364326375711575,0.9019607843137255,0.05241379310344828,0.95,0.09934640522875816,0.21468926553672318,0.14774509203533231,0.7999576271186442,38,493,687,2,1220,40,1180
all_scope,HyperVul native MIL,mil_attention,46,interaction,precision_focused,target_precision,0.683,0.11494252873563218,0.5882352941176471,0.09743589743589744,0.475,0.16170212765957448,0.2676056338028169,0.14774509203533231,0.7999576271186442,19,1004,176,21,1220,40,1180
reentrancy_only,HyperVul native MIL,mil_max,42,interaction,max_f1,max_f1,0.841,0.1346153846153846,0.5384615384615384,0.0875,0.35,0.13999999999999999,0.21875,0.14094016102152626,0.7996669838249286,7,978,73,13,1071,20,1051
reentrancy_only,HyperVul native MIL,mil_max,42,interaction,high_recall,target_recall,0.48,0.038523274478330656,0.9230769230769231,0.04155124653739612,0.75,0.07874015748031496,0.17006802721088435,0.14094016102152626,0.7996669838249286,15,705,346,5,1071,20,1051
reentrancy_only,HyperVul native MIL,mil_max,42,interaction,precision_focused,target_precision,0.841,0.1346153846153846,0.5384615384615384,0.0875,0.35,0.13999999999999999,0.21875,0.14094016102152626,0.7996669838249286,7,978,73,13,1071,20,1051
reentrancy_only,HyperVul native MIL,mil_max,43,interaction,max_f1,max_f1,0.786,0.12,0.5769230769230769,0.09574468085106383,0.45,0.15789473684210525,0.2586206896551724,0.189140309164204,0.802140818268316,9,966,85,11,1071,20,1051
reentrancy_only,HyperVul native MIL,mil_max,43,interaction,high_recall,target_recall,0.38,0.032432432432432434,0.9230769230769231,0.03981264637002342,0.85,0.07606263982102908,0.16765285996055226,0.189140309164204,0.802140818268316,17,641,410,3,1071,20,1051
reentrancy_only,HyperVul native MIL,mil_max,43,interaction,precision_focused,target_precision,0.786,0.12,0.5769230769230769,0.09574468085106383,0.45,0.15789473684210525,0.2586206896551724,0.189140309164204,0.802140818268316,9,966,85,11,1071,20,1051
reentrancy_only,HyperVul native MIL,mil_max,44,interaction,max_f1,max_f1,0.493,0.11538461538461539,0.46153846153846156,0.08536585365853659,0.35,0.1372549019607843,0.2160493827160494,0.16757023072721758,0.7945290199809706,7,976,75,13,1071,20,1051
reentrancy_only,HyperVul native MIL,mil_max,44,interaction,high_recall,target_recall,0.128,0.03287671232876712,0.9230769230769231,0.03636363636363636,0.8,0.06956521739130435,0.15384615384615385,0.16757023072721758,0.7945290199809706,16,627,424,4,1071,20,1051
reentrancy_only,HyperVul native MIL,mil_max,44,interaction,precision_focused,target_precision,0.34500000000000003,0.09574468085106383,0.6923076923076923,0.07194244604316546,0.5,0.12578616352201258,0.228310502283105,0.16757023072721758,0.7945290199809706,10,922,129,10,1071,20,1051
reentrancy_only,HyperVul native MIL,mil_max,45,interaction,max_f1,max_f1,0.28600000000000003,0.1038961038961039,0.6153846153846154,0.064,0.4,0.1103448275862069,0.1951219512195122,0.1455488357550516,0.8029971455756422,8,934,117,12,1071,20,1051
reentrancy_only,HyperVul native MIL,mil_max,45,interaction,high_recall,target_recall,0.07100000000000001,0.03404255319148936,0.9230769230769231,0.03926096997690531,0.85,0.0750551876379691,0.16569200779727095,0.1455488357550516,0.8029971455756422,17,635,416,3,1071,20,1051
reentrancy_only,HyperVul native MIL,mil_max,45,interaction,precision_focused,target_precision,0.28600000000000003,0.1038961038961039,0.6153846153846154,0.064,0.4,0.1103448275862069,0.1951219512195122,0.1455488357550516,0.8029971455756422,8,934,117,12,1071,20,1051
reentrancy_only,HyperVul native MIL,mil_max,46,interaction,max_f1,max_f1,0.715,0.1111111111111111,0.5384615384615384,0.09722222222222222,0.35,0.15217391304347827,0.2302631578947368,0.1126306584763688,0.7931018078020933,7,986,65,13,1071,20,1051
reentrancy_only,HyperVul native MIL,mil_max,46,interaction,high_recall,target_recall,0.305,0.02679528403001072,0.9615384615384616,0.03529411764705882,0.9,0.0679245283018868,0.15254237288135591,0.1126306584763688,0.7931018078020933,18,559,492,2,1071,20,1051
reentrancy_only,HyperVul native MIL,mil_max,46,interaction,precision_focused,target_precision,0.704,0.10714285714285714,0.5769230769230769,0.08536585365853659,0.35,0.1372549019607843,0.2160493827160494,0.1126306584763688,0.7931018078020933,7,976,75,13,1071,20,1051
reentrancy_only,HyperVul native MIL,mil_topk,42,interaction,max_f1,max_f1,0.88,0.11764705882352941,0.5384615384615384,0.1267605633802817,0.45,0.1978021978021978,0.2980132450331126,0.12424884407381286,0.8172692673644149,9,989,62,11,1071,20,1051
reentrancy_only,HyperVul native MIL,mil_topk,42,interaction,high_recall,target_recall,0.543,0.03827751196172249,0.9230769230769231,0.045454545454545456,0.75,0.08571428571428572,0.18292682926829268,0.12424884407381286,0.8172692673644149,15,736,315,5,1071,20,1051
reentrancy_only,HyperVul native MIL,mil_topk,42,interaction,precision_focused,target_precision,0.88,0.11764705882352941,0.5384615384615384,0.1267605633802817,0.45,0.1978021978021978,0.2980132450331126,0.12424884407381286,0.8172692673644149,9,989,62,11,1071,20,1051
reentrancy_only,HyperVul native MIL,mil_topk,43,interaction,max_f1,max_f1,0.883,0.11965811965811966,0.5384615384615384,0.12195121951219512,0.5,0.19607843137254902,0.30864197530864196,0.19303793446232986,0.8139391056137013,10,979,72,10,1071,20,1051
reentrancy_only,HyperVul native MIL,mil_topk,43,interaction,high_recall,target_recall,0.512,0.03550295857988166,0.9230769230769231,0.04509283819628647,0.85,0.08564231738035265,0.1859956236323851,0.19303793446232986,0.8139391056137013,17,691,360,3,1071,20,1051
reentrancy_only,HyperVul native MIL,mil_topk,43,interaction,precision_focused,target_precision,0.848,0.10967741935483871,0.6538461538461539,0.09615384615384616,0.5,0.16129032258064518,0.27173913043478265,0.19303793446232986,0.8139391056137013,10,957,94,10,1071,20,1051
reentrancy_only,HyperVul native MIL,mil_topk,44,interaction,max_f1,max_f1,0.402,0.10738255033557047,0.6153846153846154,0.08108108108108109,0.45,0.13740458015267176,0.23560209424083772,0.12288046263527498,0.8025689819219791,9,949,102,11,1071,20,1051
reentrancy_only,HyperVul native MIL,mil_topk,44,interaction,high_recall,target_recall,0.14400000000000002,0.037267080745341616,0.9230769230769231,0.04838709677419355,0.9,0.09183673469387756,0.19911504424778761,0.12288046263527498,0.8025689819219791,18,697,354,2,1071,20,1051
reentrancy_only,HyperVul native MIL,mil_topk,44,interaction,precision_focused,target_precision,0.402,0.10738255033557047,0.6153846153846154,0.08108108108108109,0.45,0.13740458015267176,0.23560209424083772,0.12288046263527498,0.8025689819219791,9,949,102,11,1071,20,1051
reentrancy_only,HyperVul native MIL,mil_topk,45,interaction,max_f1,max_f1,0.529,0.11206896551724138,0.5,0.10975609756097561,0.45,0.1764705882352941,0.2777777777777778,0.12238445215356766,0.8123691722169363,9,978,73,11,1071,20,1051
reentrancy_only,HyperVul native MIL,mil_topk,45,interaction,high_recall,target_recall,0.149,0.0380952380952381,0.9230769230769231,0.04607046070460705,0.85,0.08740359897172237,0.1893095768374165,0.12238445215356766,0.8123691722169363,17,699,352,3,1071,20,1051
reentrancy_only,HyperVul native MIL,mil_topk,45,interaction,precision_focused,target_precision,0.483,0.1056338028169014,0.5769230769230769,0.10526315789473684,0.5,0.17391304347826086,0.2857142857142857,0.12238445215356766,0.8123691722169363,10,966,85,10,1071,20,1051
reentrancy_only,HyperVul native MIL,mil_topk,46,interaction,max_f1,max_f1,0.838,0.10948905109489052,0.5769230769230769,0.11842105263157894,0.45,0.1875,0.28846153846153844,0.13789244790417496,0.8110846812559467,9,984,67,11,1071,20,1051
reentrancy_only,HyperVul native MIL,mil_topk,46,interaction,high_recall,target_recall,0.484,0.030495552731893267,0.9230769230769231,0.043256997455470736,0.85,0.08232445520581114,0.17970401691331922,0.13789244790417496,0.8110846812559467,17,675,376,3,1071,20,1051
reentrancy_only,HyperVul native MIL,mil_topk,46,interaction,precision_focused,target_precision,0.838,0.10948905109489052,0.5769230769230769,0.11842105263157894,0.45,0.1875,0.28846153846153844,0.13789244790417496,0.8110846812559467,9,984,67,11,1071,20,1051
reentrancy_only,HyperVul native MIL,mil_attention,42,interaction,max_f1,max_f1,0.807,0.11594202898550725,0.6153846153846154,0.1111111111111111,0.5,0.1818181818181818,0.29411764705882354,0.15504843441393196,0.8067078972407231,10,971,80,10,1071,20,1051
reentrancy_only,HyperVul native MIL,mil_attention,42,interaction,high_recall,target_recall,0.334,0.03293807641633729,0.9615384615384616,0.03736263736263736,0.85,0.07157894736842105,0.1588785046728972,0.15504843441393196,0.8067078972407231,17,613,438,3,1071,20,1051
reentrancy_only,HyperVul native MIL,mil_attention,42,interaction,precision_focused,target_precision,0.807,0.11594202898550725,0.6153846153846154,0.1111111111111111,0.5,0.1818181818181818,0.29411764705882354,0.15504843441393196,0.8067078972407231,10,971,80,10,1071,20,1051
reentrancy_only,HyperVul native MIL,mil_attention,43,interaction,max_f1,max_f1,0.9380000000000001,0.13186813186813187,0.46153846153846156,0.1232876712328767,0.45,0.1935483870967742,0.29411764705882354,0.20720764602602587,0.8028068506184586,9,987,64,11,1071,20,1051
reentrancy_only,HyperVul native MIL,mil_attention,43,interaction,high_recall,target_recall,0.539,0.032552083333333336,0.9615384615384616,0.03680981595092025,0.9,0.0707269155206287,0.15817223198594027,0.20720764602602587,0.8028068506184586,18,580,471,2,1071,20,1051
reentrancy_only,HyperVul native MIL,mil_attention,43,interaction,precision_focused,target_precision,0.896,0.10526315789473684,0.6923076923076923,0.078125,0.5,0.13513513513513514,0.2403846153846154,0.20720764602602587,0.8028068506184586,10,933,118,10,1071,20,1051
reentrancy_only,HyperVul native MIL,mil_attention,44,interaction,max_f1,max_f1,0.876,0.375,0.11538461538461539,0.5,0.05,0.09090909090909091,0.06097560975609757,0.20269895534893465,0.7974785918173168,1,1050,1,19,1071,20,1051
reentrancy_only,HyperVul native MIL,mil_attention,44,interaction,high_recall,target_recall,0.12,0.034383954154727794,0.9230769230769231,0.03990610328638498,0.85,0.07623318385650224,0.16798418972332013,0.20269895534893465,0.7974785918173168,17,642,409,3,1071,20,1051
reentrancy_only,HyperVul native MIL,mil_attention,44,interaction,precision_focused,target_precision,0.421,0.09411764705882353,0.6153846153846154,0.07874015748031496,0.5,0.1360544217687075,0.24154589371980675,0.20269895534893465,0.7974785918173168,10,934,117,10,1071,20,1051
reentrancy_only,HyperVul native MIL,mil_attention,45,interaction,max_f1,max_f1,0.773,0.10884353741496598,0.6153846153846154,0.09,0.45,0.15,0.24999999999999997,0.19245293937178481,0.8129400570884873,9,960,91,11,1071,20,1051
reentrancy_only,HyperVul native MIL,mil_attention,45,interaction,high_recall,target_recall,0.218,0.03048780487804878,0.9615384615384616,0.036290322580645164,0.9,0.06976744186046512,0.15625000000000003,0.19245293937178481,0.8129400570884873,18,573,478,2,1071,20,1051
reentrancy_only,HyperVul native MIL,mil_attention,45,interaction,precision_focused,target_precision,0.979,1.0,0.038461538461538464,0.0,0.0,0.0,0.0,0.19245293937178481,0.8129400570884873,0,1051,0,20,1071,20,1051
reentrancy_only,HyperVul native MIL,mil_attention,46,interaction,max_f1,max_f1,0.896,0.1262135922330097,0.5,0.125,0.3,0.17647058823529413,0.234375,0.19011806975669504,0.8055185537583254,6,1009,42,14,1071,20,1051
reentrancy_only,HyperVul native MIL,mil_attention,46,interaction,high_recall,target_recall,0.539,0.02981366459627329,0.9230769230769231,0.0405727923627685,0.85,0.0774487471526196,0.17034068136272545,0.19011806975669504,0.8055185537583254,17,649,402,3,1071,20,1051
reentrancy_only,HyperVul native MIL,mil_attention,46,interaction,precision_focused,target_precision,0.96,1.0,0.038461538461538464,0.0,0.0,0.0,0.0,0.19011806975669504,0.8055185537583254,0,1051,0,20,1071,20,1051
