model,seed,threshold_policy,selection_policy,level,threshold,validation_precision_at_threshold,validation_recall_at_threshold,precision,recall,f1,f2,pr_auc,roc_auc,tp,tn,fp,fn,support,positive_support,negative_support,test_precision_at_val_recall_70,test_precision_at_val_recall_80,test_precision_at_val_recall_90,val_threshold_for_recall_70,val_threshold_for_recall_80,val_threshold_for_recall_90,val_recall_at_threshold_70,val_recall_at_threshold_80,val_recall_at_threshold_90
Function-MLP,42,max_f1,max_f1,contract,0.903,0.32653061224489793,0.5333333333333333,0.20588235294117646,0.4666666666666667,0.28571428571428564,0.3723404255319149,0.20886745970633794,0.683058608058608,14,128,54,16,212,30,182,0.23595505617977527,0.20967741935483872,0.18791946308724833,0.8300000000000001,0.664,0.388,0.7333333333333333,0.8333333333333334,0.9
Function-MLP,42,high_recall,target_recall,contract,0.388,0.16167664670658682,0.9,0.18791946308724833,0.9333333333333333,0.3128491620111732,0.5204460966542751,0.20886745970633794,0.683058608058608,28,61,121,2,212,30,182,0.23595505617977527,0.20967741935483872,0.18791946308724833,0.8300000000000001,0.664,0.388,0.7333333333333333,0.8333333333333334,0.9
Function-MLP,42,precision_focused,target_precision,contract,0.997,1.0,0.03333333333333333,0.0,0.0,0.0,0.0,0.20886745970633794,0.683058608058608,0,182,0,30,212,30,182,0.23595505617977527,0.20967741935483872,0.18791946308724833,0.8300000000000001,0.664,0.388,0.7333333333333333,0.8333333333333334,0.9
Function-MLP,43,max_f1,max_f1,contract,0.809,0.26136363636363635,0.7666666666666667,0.23333333333333334,0.7,0.35,0.5,0.24187976829540556,0.717948717948718,21,113,69,9,212,30,182,0.23333333333333334,0.2336448598130841,0.20422535211267606,0.809,0.737,0.43,0.7666666666666667,0.8,0.9333333333333333
Function-MLP,43,high_recall,target_recall,contract,0.43,0.1686746987951807,0.9333333333333333,0.20422535211267606,0.9666666666666667,0.3372093023255814,0.5534351145038168,0.24187976829540556,0.717948717948718,29,69,113,1,212,30,182,0.23333333333333334,0.2336448598130841,0.20422535211267606,0.809,0.737,0.43,0.7666666666666667,0.8,0.9333333333333333
Function-MLP,43,precision_focused,target_precision,contract,0.998,1.0,0.03333333333333333,0.0,0.0,0.0,0.0,0.24187976829540556,0.717948717948718,0,182,0,30,212,30,182,0.23333333333333334,0.2336448598130841,0.20422535211267606,0.809,0.737,0.43,0.7666666666666667,0.8,0.9333333333333333
Function-MLP,44,max_f1,max_f1,contract,0.869,0.3090909090909091,0.5666666666666667,0.22058823529411764,0.5,0.30612244897959184,0.398936170212766,0.2322500704679974,0.7124542124542125,15,129,53,15,212,30,182,0.2558139534883721,0.22429906542056074,0.21212121212121213,0.772,0.644,0.397,0.7,0.8,0.9
Function-MLP,44,high_recall,target_recall,contract,0.397,0.17197452229299362,0.9,0.21212121212121213,0.9333333333333333,0.345679012345679,0.5555555555555556,0.2322500704679974,0.7124542124542125,28,78,104,2,212,30,182,0.2558139534883721,0.22429906542056074,0.21212121212121213,0.772,0.644,0.397,0.7,0.8,0.9
Function-MLP,44,precision_focused,target_precision,contract,0.998,1.0,0.03333333333333333,0.0,0.0,0.0,0.0,0.2322500704679974,0.7124542124542125,0,182,0,30,212,30,182,0.2558139534883721,0.22429906542056074,0.21212121212121213,0.772,0.644,0.397,0.7,0.8,0.9
Function-MLP,45,max_f1,max_f1,contract,0.929,0.2903225806451613,0.6,0.23529411764705882,0.5333333333333333,0.326530612244898,0.42553191489361697,0.22973262371596778,0.7036630036630036,16,130,52,14,212,30,182,0.2247191011235955,0.22549019607843138,0.20437956204379562,0.882,0.847,0.629,0.7,0.8,0.9
Function-MLP,45,high_recall,target_recall,contract,0.629,0.17088607594936708,0.9,0.20437956204379562,0.9333333333333333,0.33532934131736525,0.5447470817120622,0.22973262371596778,0.7036630036630036,28,73,109,2,212,30,182,0.2247191011235955,0.22549019607843138,0.20437956204379562,0.882,0.847,0.629,0.7,0.8,0.9
Function-MLP,45,precision_focused,target_precision,contract,0.998,1.0,0.03333333333333333,0.0,0.0,0.0,0.0,0.22973262371596778,0.7036630036630036,0,182,0,30,212,30,182,0.2247191011235955,0.22549019607843138,0.20437956204379562,0.882,0.847,0.629,0.7,0.8,0.9
Function-MLP,46,max_f1,max_f1,contract,0.903,0.2982456140350877,0.5666666666666667,0.2318840579710145,0.5333333333333333,0.3232323232323232,0.42328042328042326,0.23194463977959517,0.7073260073260074,16,129,53,14,212,30,182,0.22330097087378642,0.22330097087378642,0.21052631578947367,0.759,0.759,0.522,0.8,0.8,0.9
Function-MLP,46,high_recall,target_recall,contract,0.522,0.17532467532467533,0.9,0.21052631578947367,0.9333333333333333,0.34355828220858897,0.5533596837944664,0.23194463977959517,0.7073260073260074,28,77,105,2,212,30,182,0.22330097087378642,0.22330097087378642,0.21052631578947367,0.759,0.759,0.522,0.8,0.8,0.9
Function-MLP,46,precision_focused,target_precision,contract,0.997,1.0,0.03333333333333333,0.0,0.0,0.0,0.0,0.23194463977959517,0.7073260073260074,0,182,0,30,212,30,182,0.22330097087378642,0.22330097087378642,0.21052631578947367,0.759,0.759,0.522,0.8,0.8,0.9
Function+Features MLP,42,max_f1,max_f1,contract,0.8180000000000001,0.2777777777777778,0.6666666666666666,0.2159090909090909,0.6333333333333333,0.3220338983050848,0.4567307692307692,0.20804202241748346,0.680952380952381,19,113,69,11,212,30,182,0.22,0.22727272727272727,0.19444444444444445,0.774,0.677,0.386,0.7333333333333333,0.8,0.9333333333333333
Function+Features MLP,42,high_recall,target_recall,contract,0.386,0.16184971098265896,0.9333333333333333,0.19444444444444445,0.9333333333333333,0.32183908045977017,0.5303030303030303,0.20804202241748346,0.680952380952381,28,66,116,2,212,30,182,0.22,0.22727272727272727,0.19444444444444445,0.774,0.677,0.386,0.7333333333333333,0.8,0.9333333333333333
Function+Features MLP,42,precision_focused,target_precision,contract,0.998,1.0,0.03333333333333333,0.0,0.0,0.0,0.0,0.20804202241748346,0.680952380952381,0,182,0,30,212,30,182,0.22,0.22727272727272727,0.19444444444444445,0.774,0.677,0.386,0.7333333333333333,0.8,0.9333333333333333
Function+Features MLP,43,max_f1,max_f1,contract,0.904,0.30357142857142855,0.5666666666666667,0.25675675675675674,0.6333333333333333,0.3653846153846153,0.4896907216494845,0.2526842591874968,0.721062271062271,19,127,55,11,212,30,182,0.2336448598130841,0.2336448598130841,0.22764227642276422,0.755,0.755,0.577,0.8,0.8,0.9
Function+Features MLP,43,high_recall,target_recall,contract,0.577,0.17763157894736842,0.9,0.22764227642276422,0.9333333333333333,0.36601307189542487,0.5761316872427984,0.2526842591874968,0.721062271062271,28,87,95,2,212,30,182,0.2336448598130841,0.2336448598130841,0.22764227642276422,0.755,0.755,0.577,0.8,0.8,0.9
Function+Features MLP,43,precision_focused,target_precision,contract,0.755,0.24,0.8,0.2336448598130841,0.8333333333333334,0.364963503649635,0.5506607929515419,0.2526842591874968,0.721062271062271,25,100,82,5,212,30,182,0.2336448598130841,0.2336448598130841,0.22764227642276422,0.755,0.755,0.577,0.8,0.8,0.9
Function+Features MLP,44,max_f1,max_f1,contract,0.871,0.2916666666666667,0.7,0.22988505747126436,0.6666666666666666,0.34188034188034183,0.48309178743961345,0.2251299866785829,0.698076923076923,20,115,67,10,212,30,182,0.22988505747126436,0.2079207920792079,0.1958041958041958,0.871,0.803,0.481,0.7,0.8,0.9
Function+Features MLP,44,high_recall,target_recall,contract,0.481,0.16071428571428573,0.9,0.1958041958041958,0.9333333333333333,0.3236994219653179,0.532319391634981,0.2251299866785829,0.698076923076923,28,67,115,2,212,30,182,0.22988505747126436,0.2079207920792079,0.1958041958041958,0.871,0.803,0.481,0.7,0.8,0.9
Function+Features MLP,44,precision_focused,target_precision,contract,0.999,1.0,0.03333333333333333,0.0,0.0,0.0,0.0,0.2251299866785829,0.698076923076923,0,182,0,30,212,30,182,0.22988505747126436,0.2079207920792079,0.1958041958041958,0.871,0.803,0.481,0.7,0.8,0.9
Function+Features MLP,45,max_f1,max_f1,contract,0.514,0.25555555555555554,0.7666666666666667,0.20952380952380953,0.7333333333333333,0.32592592592592595,0.4888888888888889,0.21312144820526216,0.6913919413919415,22,99,83,8,212,30,182,0.20952380952380953,0.22522522522522523,0.2,0.514,0.427,0.211,0.7666666666666667,0.8,0.9
Function+Features MLP,45,high_recall,target_recall,contract,0.211,0.16463414634146342,0.9,0.2,0.9333333333333333,0.3294117647058824,0.5384615384615384,0.21312144820526216,0.6913919413919415,28,70,112,2,212,30,182,0.20952380952380953,0.22522522522522523,0.2,0.514,0.427,0.211,0.7666666666666667,0.8,0.9
Function+Features MLP,45,precision_focused,target_precision,contract,0.997,1.0,0.03333333333333333,0.0,0.0,0.0,0.0,0.21312144820526216,0.6913919413919415,0,182,0,30,212,30,182,0.20952380952380953,0.22522522522522523,0.2,0.514,0.427,0.211,0.7666666666666667,0.8,0.9
Function+Features MLP,46,max_f1,max_f1,contract,0.8200000000000001,0.2619047619047619,0.7333333333333333,0.21505376344086022,0.6666666666666666,0.3252032520325203,0.4694835680751173,0.21549490753643236,0.6882783882783883,20,109,73,10,212,30,182,0.21505376344086022,0.21904761904761905,0.18791946308724833,0.8200000000000001,0.733,0.333,0.7333333333333333,0.8,0.9666666666666667
Function+Features MLP,46,high_recall,target_recall,contract,0.333,0.15760869565217392,0.9666666666666667,0.18791946308724833,0.9333333333333333,0.3128491620111732,0.5204460966542751,0.21549490753643236,0.6882783882783883,28,61,121,2,212,30,182,0.21505376344086022,0.21904761904761905,0.18791946308724833,0.8200000000000001,0.733,0.333,0.7333333333333333,0.8,0.9666666666666667
Function+Features MLP,46,precision_focused,target_precision,contract,0.999,1.0,0.03333333333333333,0.0,0.0,0.0,0.0,0.21549490753643236,0.6882783882783883,0,182,0,30,212,30,182,0.21505376344086022,0.21904761904761905,0.18791946308724833,0.8200000000000001,0.733,0.333,0.7333333333333333,0.8,0.9666666666666667
Sequence-BiGRU,42,max_f1,max_f1,contract,0.8150000000000001,0.23684210526315788,0.6,0.208955223880597,0.4666666666666667,0.28865979381443296,0.37433155080213903,0.23516030087366396,0.6847985347985348,14,129,53,16,212,30,182,0.18493150684931506,0.16666666666666666,0.16666666666666666,0.215,0.075,0.075,0.7666666666666667,0.9333333333333333,0.9333333333333333
Sequence-BiGRU,42,high_recall,target_recall,contract,0.075,0.12280701754385964,0.9333333333333333,0.16666666666666666,0.9333333333333333,0.2828282828282828,0.48611111111111105,0.23516030087366396,0.6847985347985348,28,42,140,2,212,30,182,0.18493150684931506,0.16666666666666666,0.16666666666666666,0.215,0.075,0.075,0.7666666666666667,0.9333333333333333,0.9333333333333333
Sequence-BiGRU,42,precision_focused,target_precision,contract,0.999,1.0,0.03333333333333333,0.0,0.0,0.0,0.0,0.23516030087366396,0.6847985347985348,0,182,0,30,212,30,182,0.18493150684931506,0.16666666666666666,0.16666666666666666,0.215,0.075,0.075,0.7666666666666667,0.9333333333333333,0.9333333333333333
Sequence-BiGRU,43,max_f1,max_f1,contract,0.922,0.2916666666666667,0.4666666666666667,0.2631578947368421,0.3333333333333333,0.29411764705882354,0.3164556962025316,0.25283329784954334,0.6787545787545787,10,154,28,20,212,30,182,0.1865671641791045,0.18120805369127516,0.16201117318435754,0.548,0.359,0.10400000000000001,0.7,0.8333333333333334,1.0
Sequence-BiGRU,43,high_recall,target_recall,contract,0.10400000000000001,0.12096774193548387,1.0,0.16201117318435754,0.9666666666666667,0.27751196172248804,0.48494983277591974,0.25283329784954334,0.6787545787545787,29,32,150,1,212,30,182,0.1865671641791045,0.18120805369127516,0.16201117318435754,0.548,0.359,0.10400000000000001,0.7,0.8333333333333334,1.0
Sequence-BiGRU,43,precision_focused,target_precision,contract,0.998,1.0,0.03333333333333333,0.0,0.0,0.0,0.0,0.25283329784954334,0.6787545787545787,0,182,0,30,212,30,182,0.1865671641791045,0.18120805369127516,0.16201117318435754,0.548,0.359,0.10400000000000001,0.7,0.8333333333333334,1.0
Sequence-BiGRU,44,max_f1,max_f1,contract,0.92,0.26785714285714285,0.5,0.275,0.36666666666666664,0.3142857142857143,0.34374999999999994,0.33328829002318605,0.7047619047619048,11,153,29,19,212,30,182,0.21495327102803738,0.19148936170212766,0.16766467065868262,0.667,0.41500000000000004,0.14200000000000002,0.7,0.8,0.9666666666666667
Sequence-BiGRU,44,high_recall,target_recall,contract,0.14200000000000002,0.12831858407079647,0.9666666666666667,0.16766467065868262,0.9333333333333333,0.28426395939086296,0.4878048780487804,0.33328829002318605,0.7047619047619048,28,43,139,2,212,30,182,0.21495327102803738,0.19148936170212766,0.16766467065868262,0.667,0.41500000000000004,0.14200000000000002,0.7,0.8,0.9666666666666667
Sequence-BiGRU,44,precision_focused,target_precision,contract,0.79,0.21839080459770116,0.6333333333333333,0.2261904761904762,0.6333333333333333,0.3333333333333333,0.4656862745098039,0.33328829002318605,0.7047619047619048,19,117,65,11,212,30,182,0.21495327102803738,0.19148936170212766,0.16766467065868262,0.667,0.41500000000000004,0.14200000000000002,0.7,0.8,0.9666666666666667
Sequence-BiGRU,45,max_f1,max_f1,contract,0.8290000000000001,0.21649484536082475,0.7,0.21978021978021978,0.6666666666666666,0.33057851239669417,0.4739336492890996,0.27904776929373554,0.6937728937728938,20,111,71,10,212,30,182,0.21978021978021978,0.1836734693877551,0.16766467065868262,0.8290000000000001,0.421,0.165,0.7,0.8333333333333334,0.9
Sequence-BiGRU,45,high_recall,target_recall,contract,0.165,0.11894273127753303,0.9,0.16766467065868262,0.9333333333333333,0.28426395939086296,0.4878048780487804,0.27904776929373554,0.6937728937728938,28,43,139,2,212,30,182,0.21978021978021978,0.1836734693877551,0.16766467065868262,0.8290000000000001,0.421,0.165,0.7,0.8333333333333334,0.9
Sequence-BiGRU,45,precision_focused,target_precision,contract,0.999,1.0,0.03333333333333333,0.0,0.0,0.0,0.0,0.27904776929373554,0.6937728937728938,0,182,0,30,212,30,182,0.21978021978021978,0.1836734693877551,0.16766467065868262,0.8290000000000001,0.421,0.165,0.7,0.8333333333333334,0.9
Sequence-BiGRU,46,max_f1,max_f1,contract,0.913,0.24074074074074073,0.43333333333333335,0.27906976744186046,0.4,0.32876712328767127,0.36809815950920244,0.26660472339935504,0.6811355311355312,12,151,31,18,212,30,182,0.18796992481203006,0.17880794701986755,0.16666666666666666,0.455,0.23600000000000002,0.078,0.7,0.8,0.9333333333333333
Sequence-BiGRU,46,high_recall,target_recall,contract,0.078,0.12280701754385964,0.9333333333333333,0.16666666666666666,0.9666666666666667,0.28431372549019607,0.49319727891156456,0.26660472339935504,0.6811355311355312,29,37,145,1,212,30,182,0.18796992481203006,0.17880794701986755,0.16666666666666666,0.455,0.23600000000000002,0.078,0.7,0.8,0.9333333333333333
Sequence-BiGRU,46,precision_focused,target_precision,contract,0.999,1.0,0.03333333333333333,0.0,0.0,0.0,0.0,0.26660472339935504,0.6811355311355312,0,182,0,30,212,30,182,0.18796992481203006,0.17880794701986755,0.16666666666666666,0.455,0.23600000000000002,0.078,0.7,0.8,0.9333333333333333
CallGraph-GAT,42,max_f1,max_f1,contract,0.732,0.24,0.4,0.21212121212121213,0.4666666666666667,0.29166666666666663,0.3763440860215053,0.25284259655842856,0.6817765567765568,14,130,52,16,212,30,182,0.19402985074626866,0.19402985074626866,0.1897810218978102,0.13,0.13,0.083,0.8666666666666667,0.8666666666666667,0.9
CallGraph-GAT,42,high_recall,target_recall,contract,0.083,0.1656441717791411,0.9,0.1897810218978102,0.8666666666666667,0.31137724550898205,0.5058365758754864,0.25284259655842856,0.6817765567765568,26,71,111,4,212,30,182,0.19402985074626866,0.19402985074626866,0.1897810218978102,0.13,0.13,0.083,0.8666666666666667,0.8666666666666667,0.9
CallGraph-GAT,42,precision_focused,target_precision,contract,0.13,0.17567567567567569,0.8666666666666667,0.19402985074626866,0.8666666666666667,0.3170731707317074,0.5118110236220472,0.25284259655842856,0.6817765567765568,26,74,108,4,212,30,182,0.19402985074626866,0.19402985074626866,0.1897810218978102,0.13,0.13,0.083,0.8666666666666667,0.8666666666666667,0.9
CallGraph-GAT,43,max_f1,max_f1,contract,0.668,0.22826086956521738,0.7,0.23595505617977527,0.7,0.3529411764705882,0.5023923444976076,0.24613820700271585,0.6933150183150183,21,114,68,9,212,30,182,0.23595505617977527,0.1984126984126984,0.20422535211267606,0.668,0.641,0.213,0.7,0.8,0.9
CallGraph-GAT,43,high_recall,target_recall,contract,0.213,0.1569767441860465,0.9,0.20422535211267606,0.9666666666666667,0.3372093023255814,0.5534351145038168,0.24613820700271585,0.6933150183150183,29,69,113,1,212,30,182,0.23595505617977527,0.1984126984126984,0.20422535211267606,0.668,0.641,0.213,0.7,0.8,0.9
CallGraph-GAT,43,precision_focused,target_precision,contract,0.668,0.22826086956521738,0.7,0.23595505617977527,0.7,0.3529411764705882,0.5023923444976076,0.24613820700271585,0.6933150183150183,21,114,68,9,212,30,182,0.23595505617977527,0.1984126984126984,0.20422535211267606,0.668,0.641,0.213,0.7,0.8,0.9
CallGraph-GAT,44,max_f1,max_f1,contract,0.47000000000000003,0.16279069767441862,0.7,0.1926605504587156,0.7,0.30215827338129503,0.4585152838427947,0.23012165899674278,0.6687728937728937,21,94,88,9,212,30,182,0.1926605504587156,0.19402985074626866,0.18543046357615894,0.47000000000000003,0.088,0.017,0.7,0.8,0.9
CallGraph-GAT,44,high_recall,target_recall,contract,0.017,0.13989637305699482,0.9,0.18543046357615894,0.9333333333333333,0.30939226519337015,0.5166051660516605,0.23012165899674278,0.6687728937728937,28,59,123,2,212,30,182,0.1926605504587156,0.19402985074626866,0.18543046357615894,0.47000000000000003,0.088,0.017,0.7,0.8,0.9
CallGraph-GAT,44,precision_focused,target_precision,contract,0.007,0.13744075829383887,0.9666666666666667,0.1875,1.0,0.3157894736842105,0.5357142857142857,0.23012165899674278,0.6687728937728937,30,52,130,0,212,30,182,0.1926605504587156,0.19402985074626866,0.18543046357615894,0.47000000000000003,0.088,0.017,0.7,0.8,0.9
CallGraph-GAT,45,max_f1,max_f1,contract,0.751,0.20588235294117646,0.4666666666666667,0.2236842105263158,0.5666666666666667,0.32075471698113206,0.43367346938775514,0.20518463964005285,0.6688644688644688,17,123,59,13,212,30,182,0.1935483870967742,0.19205298013245034,0.19205298013245034,0.5760000000000001,0.17200000000000001,0.17200000000000001,0.7,0.9,0.9
CallGraph-GAT,45,high_recall,target_recall,contract,0.17200000000000001,0.14136125654450263,0.9,0.19205298013245034,0.9666666666666667,0.32044198895027626,0.5350553505535056,0.20518463964005285,0.6688644688644688,29,60,122,1,212,30,182,0.1935483870967742,0.19205298013245034,0.19205298013245034,0.5760000000000001,0.17200000000000001,0.17200000000000001,0.7,0.9,0.9
CallGraph-GAT,45,precision_focused,target_precision,contract,0.014,0.13333333333333333,1.0,0.17341040462427745,1.0,0.29556650246305416,0.5119453924914675,0.20518463964005285,0.6688644688644688,30,39,143,0,212,30,182,0.1935483870967742,0.19205298013245034,0.19205298013245034,0.5760000000000001,0.17200000000000001,0.17200000000000001,0.7,0.9,0.9
CallGraph-GAT,46,max_f1,max_f1,contract,0.731,0.25,0.5333333333333333,0.21518987341772153,0.5666666666666667,0.3119266055045872,0.4271356783919598,0.2033482262610134,0.6645604395604396,17,120,62,13,212,30,182,0.20279720279720279,0.20279720279720279,0.20279720279720279,0.095,0.095,0.095,0.9,0.9,0.9
CallGraph-GAT,46,high_recall,target_recall,contract,0.095,0.15428571428571428,0.9,0.20279720279720279,0.9666666666666667,0.3352601156069364,0.5513307984790874,0.2033482262610134,0.6645604395604396,29,68,114,1,212,30,182,0.20279720279720279,0.20279720279720279,0.20279720279720279,0.095,0.095,0.095,0.9,0.9,0.9
CallGraph-GAT,46,precision_focused,target_precision,contract,0.095,0.15428571428571428,0.9,0.20279720279720279,0.9666666666666667,0.3352601156069364,0.5513307984790874,0.2033482262610134,0.6645604395604396,29,68,114,1,212,30,182,0.20279720279720279,0.20279720279720279,0.20279720279720279,0.095,0.095,0.095,0.9,0.9,0.9
Pairwise-RGCN,42,max_f1,max_f1,contract,0.77,0.21428571428571427,0.4,0.22058823529411764,0.5,0.30612244897959184,0.398936170212766,0.20702107536825123,0.6600732600732601,15,129,53,15,212,30,182,0.192,0.19718309859154928,0.17901234567901234,0.193,0.033,0.004,0.7,0.8333333333333334,0.9
Pairwise-RGCN,42,high_recall,target_recall,contract,0.004,0.13366336633663367,0.9,0.17901234567901234,0.9666666666666667,0.3020833333333333,0.5141843971631206,0.20702107536825123,0.6600732600732601,29,49,133,1,212,30,182,0.192,0.19718309859154928,0.17901234567901234,0.193,0.033,0.004,0.7,0.8333333333333334,0.9
Pairwise-RGCN,42,precision_focused,target_precision,contract,0.999,1.0,0.03333333333333333,0.0,0.0,0.0,0.0,0.20702107536825123,0.6600732600732601,0,180,2,30,212,30,182,0.192,0.19718309859154928,0.17901234567901234,0.193,0.033,0.004,0.7,0.8333333333333334,0.9
Pairwise-RGCN,43,max_f1,max_f1,contract,0.061,0.1503267973856209,0.7666666666666667,0.1796875,0.7666666666666667,0.2911392405063291,0.46370967741935487,0.20765999958875567,0.6631868131868132,23,77,105,7,212,30,182,0.1796875,0.1865671641791045,0.1724137931034483,0.061,0.035,0.001,0.7666666666666667,0.8,0.9
Pairwise-RGCN,43,high_recall,target_recall,contract,0.001,0.12162162162162163,0.9,0.1724137931034483,1.0,0.29411764705882354,0.5102040816326531,0.20765999958875567,0.6631868131868132,30,38,144,0,212,30,182,0.1796875,0.1865671641791045,0.1724137931034483,0.061,0.035,0.001,0.7666666666666667,0.8,0.9
Pairwise-RGCN,43,precision_focused,target_precision,contract,0.035,0.14814814814814814,0.8,0.1865671641791045,0.8333333333333334,0.3048780487804878,0.4921259842519685,0.20765999958875567,0.6631868131868132,25,73,109,5,212,30,182,0.1796875,0.1865671641791045,0.1724137931034483,0.061,0.035,0.001,0.7666666666666667,0.8,0.9
Pairwise-RGCN,44,max_f1,max_f1,contract,0.011,0.14754098360655737,0.9,0.19047619047619047,0.9333333333333333,0.3163841807909605,0.5243445692883895,0.2843444182608206,0.6994505494505494,28,63,119,2,212,30,182,0.19047619047619047,0.19047619047619047,0.19047619047619047,0.011,0.011,0.011,0.9,0.9,0.9
Pairwise-RGCN,44,high_recall,target_recall,contract,0.011,0.14754098360655737,0.9,0.19047619047619047,0.9333333333333333,0.3163841807909605,0.5243445692883895,0.2843444182608206,0.6994505494505494,28,63,119,2,212,30,182,0.19047619047619047,0.19047619047619047,0.19047619047619047,0.011,0.011,0.011,0.9,0.9,0.9
Pairwise-RGCN,44,precision_focused,target_precision,contract,0.011,0.14754098360655737,0.9,0.19047619047619047,0.9333333333333333,0.3163841807909605,0.5243445692883895,0.2843444182608206,0.6994505494505494,28,63,119,2,212,30,182,0.19047619047619047,0.19047619047619047,0.19047619047619047,0.011,0.011,0.011,0.9,0.9,0.9
Pairwise-RGCN,45,max_f1,max_f1,contract,0.017,0.147239263803681,0.8,0.19285714285714287,0.9,0.3176470588235294,0.5192307692307693,0.24997343627669133,0.6613553113553113,27,69,113,3,212,30,182,0.19285714285714287,0.19285714285714287,0.17857142857142858,0.017,0.017,0.001,0.8,0.8,0.9333333333333333
Pairwise-RGCN,45,high_recall,target_recall,contract,0.001,0.1346153846153846,0.9333333333333333,0.17857142857142858,1.0,0.30303030303030304,0.5208333333333334,0.24997343627669133,0.6613553113553113,30,44,138,0,212,30,182,0.19285714285714287,0.19285714285714287,0.17857142857142858,0.017,0.017,0.001,0.8,0.8,0.9333333333333333
Pairwise-RGCN,45,precision_focused,target_precision,contract,0.01,0.14534883720930233,0.8333333333333334,0.19718309859154928,0.9333333333333333,0.3255813953488372,0.5343511450381679,0.24997343627669133,0.6613553113553113,28,68,114,2,212,30,182,0.19285714285714287,0.19285714285714287,0.17857142857142858,0.017,0.017,0.001,0.8,0.8,0.9333333333333333
Pairwise-RGCN,46,max_f1,max_f1,contract,0.79,0.21818181818181817,0.4,0.25,0.5666666666666667,0.3469387755102041,0.45212765957446804,0.2651510748821797,0.7053113553113554,17,131,51,13,212,30,182,0.1956521739130435,0.19607843137254902,0.19607843137254902,0.059000000000000004,0.005,0.005,0.7666666666666667,0.9,0.9
Pairwise-RGCN,46,high_recall,target_recall,contract,0.005,0.13989637305699482,0.9,0.19607843137254902,1.0,0.3278688524590164,0.5494505494505495,0.2651510748821797,0.7053113553113554,30,59,123,0,212,30,182,0.1956521739130435,0.19607843137254902,0.19607843137254902,0.059000000000000004,0.005,0.005,0.7666666666666667,0.9,0.9
Pairwise-RGCN,46,precision_focused,target_precision,contract,0.003,0.13930348258706468,0.9333333333333333,0.1875,1.0,0.3157894736842105,0.5357142857142857,0.2651510748821797,0.7053113553113554,30,52,130,0,212,30,182,0.1956521739130435,0.19607843137254902,0.19607843137254902,0.059000000000000004,0.005,0.005,0.7666666666666667,0.9,0.9
Pairwise-GAT,42,max_f1,max_f1,contract,0.903,0.24489795918367346,0.4,0.2153846153846154,0.4666666666666667,0.2947368421052632,0.3783783783783784,0.21842284420206318,0.674908424908425,14,131,51,16,212,30,182,0.1891891891891892,0.1891891891891892,0.18543046357615894,0.152,0.152,0.056,0.8333333333333334,0.8333333333333334,0.9
Pairwise-GAT,42,high_recall,target_recall,contract,0.056,0.13917525773195877,0.9,0.18543046357615894,0.9333333333333333,0.30939226519337015,0.5166051660516605,0.21842284420206318,0.674908424908425,28,59,123,2,212,30,182,0.1891891891891892,0.1891891891891892,0.18543046357615894,0.152,0.152,0.056,0.8333333333333334,0.8333333333333334,0.9
Pairwise-GAT,42,precision_focused,target_precision,contract,0.011,0.13513513513513514,1.0,0.1724137931034483,1.0,0.29411764705882354,0.5102040816326531,0.21842284420206318,0.674908424908425,30,38,144,0,212,30,182,0.1891891891891892,0.1891891891891892,0.18543046357615894,0.152,0.152,0.056,0.8333333333333334,0.8333333333333334,0.9
Pairwise-GAT,43,max_f1,max_f1,contract,0.589,0.18811881188118812,0.6333333333333333,0.16129032258064516,0.5,0.24390243902439024,0.35211267605633806,0.23415276301360743,0.6593406593406593,15,104,78,15,212,30,182,0.19047619047619047,0.1935483870967742,0.20714285714285716,0.381,0.215,0.064,0.7,0.8,0.9
Pairwise-GAT,43,high_recall,target_recall,contract,0.064,0.1569767441860465,0.9,0.20714285714285716,0.9666666666666667,0.3411764705882353,0.5576923076923077,0.23415276301360743,0.6593406593406593,29,71,111,1,212,30,182,0.19047619047619047,0.1935483870967742,0.20714285714285716,0.381,0.215,0.064,0.7,0.8,0.9
Pairwise-GAT,43,precision_focused,target_precision,contract,0.991,1.0,0.1,0.3333333333333333,0.03333333333333333,0.0606060606060606,0.04065040650406504,0.23415276301360743,0.6593406593406593,1,180,2,29,212,30,182,0.19047619047619047,0.1935483870967742,0.20714285714285716,0.381,0.215,0.064,0.7,0.8,0.9
Pairwise-GAT,44,max_f1,max_f1,contract,0.897,0.2413793103448276,0.4666666666666667,0.288135593220339,0.5666666666666667,0.38202247191011235,0.4748603351955308,0.28248656511729164,0.7216117216117216,17,140,42,13,212,30,182,0.19014084507042253,0.19014084507042253,0.1836734693877551,0.149,0.149,0.051000000000000004,0.8666666666666667,0.8666666666666667,0.9
Pairwise-GAT,44,high_recall,target_recall,contract,0.051000000000000004,0.13366336633663367,0.9,0.1836734693877551,0.9,0.30508474576271183,0.5056179775280899,0.28248656511729164,0.7216117216117216,27,62,120,3,212,30,182,0.19014084507042253,0.19014084507042253,0.1836734693877551,0.149,0.149,0.051000000000000004,0.8666666666666667,0.8666666666666667,0.9
Pairwise-GAT,44,precision_focused,target_precision,contract,0.149,0.1511627906976744,0.8666666666666667,0.19014084507042253,0.9,0.31395348837209297,0.5152671755725191,0.28248656511729164,0.7216117216117216,27,67,115,3,212,30,182,0.19014084507042253,0.19014084507042253,0.1836734693877551,0.149,0.149,0.051000000000000004,0.8666666666666667,0.8666666666666667,0.9
Pairwise-GAT,45,max_f1,max_f1,contract,0.062,0.14619883040935672,0.8333333333333334,0.19014084507042253,0.9,0.31395348837209297,0.5152671755725191,0.24318417430974965,0.6695970695970697,27,67,115,3,212,30,182,0.19014084507042253,0.19014084507042253,0.19480519480519481,0.062,0.062,0.024,0.8333333333333334,0.8333333333333334,0.9
Pairwise-GAT,45,high_recall,target_recall,contract,0.024,0.13846153846153847,0.9,0.19480519480519481,1.0,0.32608695652173914,0.5474452554744526,0.24318417430974965,0.6695970695970697,30,58,124,0,212,30,182,0.19014084507042253,0.19014084507042253,0.19480519480519481,0.062,0.062,0.024,0.8333333333333334,0.8333333333333334,0.9
Pairwise-GAT,45,precision_focused,target_precision,contract,0.997,1.0,0.03333333333333333,0.0,0.0,0.0,0.0,0.24318417430974965,0.6695970695970697,0,181,1,30,212,30,182,0.19014084507042253,0.19014084507042253,0.19480519480519481,0.062,0.062,0.024,0.8333333333333334,0.8333333333333334,0.9
Pairwise-GAT,46,max_f1,max_f1,contract,0.898,0.3333333333333333,0.4,0.28888888888888886,0.43333333333333335,0.3466666666666666,0.3939393939393939,0.23654248092939567,0.7131868131868132,13,150,32,17,212,30,182,0.183206106870229,0.183206106870229,0.183206106870229,0.121,0.121,0.121,0.9,0.9,0.9
Pairwise-GAT,46,high_recall,target_recall,contract,0.121,0.18,0.9,0.183206106870229,0.8,0.2981366459627329,0.4780876494023904,0.23654248092939567,0.7131868131868132,24,75,107,6,212,30,182,0.183206106870229,0.183206106870229,0.183206106870229,0.121,0.121,0.121,0.9,0.9,0.9
Pairwise-GAT,46,precision_focused,target_precision,contract,0.992,1.0,0.13333333333333333,0.1111111111111111,0.03333333333333333,0.05128205128205128,0.03875968992248062,0.23654248092939567,0.7131868131868132,1,174,8,29,212,30,182,0.183206106870229,0.183206106870229,0.183206106870229,0.121,0.121,0.121,0.9,0.9,0.9
Current HyperVul,42,max_f1,max_f1,contract,0.915,0.3333333333333333,0.5666666666666667,0.21311475409836064,0.43333333333333335,0.2857142857142857,0.35911602209944754,0.3199651800786185,0.7055860805860806,13,134,48,17,212,30,182,0.23076923076923078,0.22608695652173913,0.18543046357615894,0.867,0.8130000000000001,0.488,0.7,0.8,0.9666666666666667
Current HyperVul,42,high_recall,target_recall,contract,0.488,0.16022099447513813,0.9666666666666667,0.18543046357615894,0.9333333333333333,0.30939226519337015,0.5166051660516605,0.3199651800786185,0.7055860805860806,28,59,123,2,212,30,182,0.23076923076923078,0.22608695652173913,0.18543046357615894,0.867,0.8130000000000001,0.488,0.7,0.8,0.9666666666666667
Current HyperVul,42,precision_focused,target_precision,contract,0.971,0.8,0.13333333333333333,0.3076923076923077,0.13333333333333333,0.18604651162790697,0.15037593984962408,0.3199651800786185,0.7055860805860806,4,173,9,26,212,30,182,0.23076923076923078,0.22608695652173913,0.18543046357615894,0.867,0.8130000000000001,0.488,0.7,0.8,0.9666666666666667
Current HyperVul,43,max_f1,max_f1,contract,0.646,0.31666666666666665,0.6333333333333333,0.2608695652173913,0.6,0.36363636363636365,0.4761904761904763,0.3250888391792861,0.7180402930402932,18,131,51,12,212,30,182,0.26582278481012656,0.24299065420560748,0.1888111888111888,0.597,0.422,0.213,0.7,0.8,0.9666666666666667
Current HyperVul,43,high_recall,target_recall,contract,0.213,0.1657142857142857,0.9666666666666667,0.1888111888111888,0.9,0.3121387283236994,0.5133079847908745,0.3250888391792861,0.7180402930402932,27,66,116,3,212,30,182,0.26582278481012656,0.24299065420560748,0.1888111888111888,0.597,0.422,0.213,0.7,0.8,0.9666666666666667
Current HyperVul,43,precision_focused,target_precision,contract,0.985,1.0,0.03333333333333333,0.0,0.0,0.0,0.0,0.3250888391792861,0.7180402930402932,0,182,0,30,212,30,182,0.26582278481012656,0.24299065420560748,0.1888111888111888,0.597,0.422,0.213,0.7,0.8,0.9666666666666667
Current HyperVul,44,max_f1,max_f1,contract,0.56,0.31666666666666665,0.6333333333333333,0.2625,0.7,0.38181818181818183,0.525,0.30727672045403354,0.7212454212454213,21,123,59,9,212,30,182,0.25,0.2403846153846154,0.1891891891891892,0.428,0.354,0.07200000000000001,0.7333333333333333,0.8,0.9
Current HyperVul,44,high_recall,target_recall,contract,0.07200000000000001,0.16167664670658682,0.9,0.1891891891891892,0.9333333333333333,0.3146067415730337,0.5223880597014926,0.30727672045403354,0.7212454212454213,28,62,120,2,212,30,182,0.25,0.2403846153846154,0.1891891891891892,0.428,0.354,0.07200000000000001,0.7333333333333333,0.8,0.9
Current HyperVul,44,precision_focused,target_precision,contract,0.994,1.0,0.03333333333333333,0.0,0.0,0.0,0.0,0.30727672045403354,0.7212454212454213,0,182,0,30,212,30,182,0.25,0.2403846153846154,0.1891891891891892,0.428,0.354,0.07200000000000001,0.7333333333333333,0.8,0.9
Current HyperVul,45,max_f1,max_f1,contract,0.775,0.3333333333333333,0.6333333333333333,0.2602739726027397,0.6333333333333333,0.36893203883495146,0.49222797927461137,0.2841057304425055,0.7312271062271062,19,128,54,11,212,30,182,0.27906976744186046,0.21666666666666667,0.18064516129032257,0.6970000000000001,0.485,0.14100000000000001,0.7,0.8,0.9333333333333333
Current HyperVul,45,high_recall,target_recall,contract,0.14100000000000001,0.14432989690721648,0.9333333333333333,0.18064516129032257,0.9333333333333333,0.30270270270270266,0.5090909090909091,0.2841057304425055,0.7312271062271062,28,55,127,2,212,30,182,0.27906976744186046,0.21666666666666667,0.18064516129032257,0.6970000000000001,0.485,0.14100000000000001,0.7,0.8,0.9333333333333333
Current HyperVul,45,precision_focused,target_precision,contract,0.989,1.0,0.03333333333333333,0.0,0.0,0.0,0.0,0.2841057304425055,0.7312271062271062,0,182,0,30,212,30,182,0.27906976744186046,0.21666666666666667,0.18064516129032257,0.6970000000000001,0.485,0.14100000000000001,0.7,0.8,0.9333333333333333
Current HyperVul,46,max_f1,max_f1,contract,0.401,0.2714285714285714,0.6333333333333333,0.24719101123595505,0.7333333333333333,0.36974789915966383,0.5263157894736842,0.3340062323311265,0.7271978021978022,22,115,67,8,212,30,182,0.23636363636363636,0.23636363636363636,0.18354430379746836,0.274,0.274,0.052000000000000005,0.8,0.8,0.9
Current HyperVul,46,high_recall,target_recall,contract,0.052000000000000005,0.14673913043478262,0.9,0.18354430379746836,0.9666666666666667,0.3085106382978724,0.5215827338129496,0.3340062323311265,0.7271978021978022,29,53,129,1,212,30,182,0.23636363636363636,0.23636363636363636,0.18354430379746836,0.274,0.274,0.052000000000000005,0.8,0.8,0.9
Current HyperVul,46,precision_focused,target_precision,contract,0.99,1.0,0.03333333333333333,0.0,0.0,0.0,0.0,0.3340062323311265,0.7271978021978022,0,182,0,30,212,30,182,0.23636363636363636,0.23636363636363636,0.18354430379746836,0.274,0.274,0.052000000000000005,0.8,0.8,0.9
