run,variant,pooling,seed,level,threshold_policy,selection_policy,threshold,validation_precision_at_threshold,validation_recall_at_threshold,precision,recall,f1,f2,pr_auc,roc_auc,tp,tn,fp,fn,support,positive_support,negative_support,test_precision_at_val_recall_70,test_precision_at_val_recall_80,test_precision_at_val_recall_90,val_threshold_for_recall_70,val_threshold_for_recall_80,val_threshold_for_recall_90,val_recall_at_threshold_70,val_recall_at_threshold_80,val_recall_at_threshold_90
all_scope,concat,mil_topk,42,contract,max_f1,max_f1,0.625,0.23880597014925373,0.5333333333333333,0.2972972972972973,0.36666666666666664,0.3283582089552239,0.3503184713375796,0.4123675134786778,0.7487179487179487,11,156,26,19,212,30,182,0.27941176470588236,0.21818181818181817,0.2,0.5630000000000001,0.455,0.34,0.7,0.8333333333333334,0.9
all_scope,concat,mil_topk,42,contract,high_recall,target_recall,0.34,0.14917127071823205,0.9,0.2,0.9333333333333333,0.3294117647058824,0.5384615384615384,0.4123675134786778,0.7487179487179487,28,70,112,2,212,30,182,0.27941176470588236,0.21818181818181817,0.2,0.5630000000000001,0.455,0.34,0.7,0.8333333333333334,0.9
all_scope,concat,mil_topk,42,contract,precision_focused,target_precision,0.552,0.2,0.7333333333333333,0.2702702702702703,0.6666666666666666,0.3846153846153846,0.5154639175257731,0.4123675134786778,0.7487179487179487,20,128,54,10,212,30,182,0.27941176470588236,0.21818181818181817,0.2,0.5630000000000001,0.455,0.34,0.7,0.8333333333333334,0.9
all_scope,concat,mil_topk,43,contract,max_f1,max_f1,0.618,0.2727272727272727,0.6,0.288135593220339,0.5666666666666667,0.38202247191011235,0.4748603351955308,0.3640752253609409,0.7351648351648351,17,140,42,13,212,30,182,0.2608695652173913,0.211864406779661,0.19148936170212766,0.5730000000000001,0.372,0.279,0.7,0.8333333333333334,0.9
all_scope,concat,mil_topk,43,contract,high_recall,target_recall,0.279,0.15517241379310345,0.9,0.19148936170212766,0.9,0.3157894736842105,0.5172413793103448,0.3640752253609409,0.7351648351648351,27,68,114,3,212,30,182,0.2608695652173913,0.211864406779661,0.19148936170212766,0.5730000000000001,0.372,0.279,0.7,0.8333333333333334,0.9
all_scope,concat,mil_topk,43,contract,precision_focused,target_precision,0.874,1.0,0.03333333333333333,0.0,0.0,0.0,0.0,0.3640752253609409,0.7351648351648351,0,182,0,30,212,30,182,0.2608695652173913,0.211864406779661,0.19148936170212766,0.5730000000000001,0.372,0.279,0.7,0.8333333333333334,0.9
all_scope,concat,mil_topk,44,contract,max_f1,max_f1,0.761,0.3,0.5,0.3181818181818182,0.4666666666666667,0.3783783783783784,0.426829268292683,0.34248167216199515,0.7391941391941392,14,152,30,16,212,30,182,0.23255813953488372,0.21818181818181817,0.18012422360248448,0.673,0.586,0.28200000000000003,0.7,0.8,0.9
all_scope,concat,mil_topk,44,contract,high_recall,target_recall,0.28200000000000003,0.14210526315789473,0.9,0.18012422360248448,0.9666666666666667,0.30366492146596863,0.5160142348754448,0.34248167216199515,0.7391941391941392,29,50,132,1,212,30,182,0.23255813953488372,0.21818181818181817,0.18012422360248448,0.673,0.586,0.28200000000000003,0.7,0.8,0.9
all_scope,concat,mil_topk,44,contract,precision_focused,target_precision,0.879,1.0,0.03333333333333333,0.0,0.0,0.0,0.0,0.34248167216199515,0.7391941391941392,0,182,0,30,212,30,182,0.23255813953488372,0.21818181818181817,0.18012422360248448,0.673,0.586,0.28200000000000003,0.7,0.8,0.9
all_scope,concat,mil_topk,45,contract,max_f1,max_f1,0.608,0.3018867924528302,0.5333333333333333,0.2549019607843137,0.43333333333333335,0.32098765432098764,0.3801169590643275,0.39067468828761337,0.7580586080586081,13,144,38,17,212,30,182,0.25925925925925924,0.21818181818181817,0.19858156028368795,0.51,0.419,0.313,0.7,0.8,0.9
all_scope,concat,mil_topk,45,contract,high_recall,target_recall,0.313,0.16071428571428573,0.9,0.19858156028368795,0.9333333333333333,0.32748538011695905,0.5363984674329503,0.39067468828761337,0.7580586080586081,28,69,113,2,212,30,182,0.25925925925925924,0.21818181818181817,0.19858156028368795,0.51,0.419,0.313,0.7,0.8,0.9
all_scope,concat,mil_topk,45,contract,precision_focused,target_precision,0.558,0.24691358024691357,0.6666666666666666,0.2676056338028169,0.6333333333333333,0.37623762376237624,0.49738219895287955,0.39067468828761337,0.7580586080586081,19,130,52,11,212,30,182,0.25925925925925924,0.21818181818181817,0.19858156028368795,0.51,0.419,0.313,0.7,0.8,0.9
all_scope,concat,mil_topk,46,contract,max_f1,max_f1,0.738,0.3,0.5,0.30434782608695654,0.4666666666666667,0.3684210526315789,0.4216867469879518,0.3882343197914814,0.7501831501831502,14,150,32,16,212,30,182,0.25925925925925924,0.24175824175824176,0.18243243243243243,0.638,0.601,0.336,0.7333333333333333,0.8,0.9
all_scope,concat,mil_topk,46,contract,high_recall,target_recall,0.336,0.14594594594594595,0.9,0.18243243243243243,0.9,0.30337078651685395,0.503731343283582,0.3882343197914814,0.7501831501831502,27,61,121,3,212,30,182,0.25925925925925924,0.24175824175824176,0.18243243243243243,0.638,0.601,0.336,0.7333333333333333,0.8,0.9
all_scope,concat,mil_topk,46,contract,precision_focused,target_precision,0.857,1.0,0.03333333333333333,0.0,0.0,0.0,0.0,0.3882343197914814,0.7501831501831502,0,182,0,30,212,30,182,0.25925925925925924,0.24175824175824176,0.18243243243243243,0.638,0.601,0.336,0.7333333333333333,0.8,0.9
all_scope,subtractive,mil_topk,42,contract,max_f1,max_f1,0.775,0.2535211267605634,0.6,0.26229508196721313,0.5333333333333333,0.3516483516483517,0.44198895027624313,0.32390150495852454,0.7256410256410256,16,137,45,14,212,30,182,0.23170731707317074,0.19327731092436976,0.17575757575757575,0.728,0.595,0.365,0.7,0.8333333333333334,0.9
all_scope,subtractive,mil_topk,42,contract,high_recall,target_recall,0.365,0.13989637305699482,0.9,0.17575757575757575,0.9666666666666667,0.29743589743589743,0.5087719298245614,0.32390150495852454,0.7256410256410256,29,46,136,1,212,30,182,0.23170731707317074,0.19327731092436976,0.17575757575757575,0.728,0.595,0.365,0.7,0.8333333333333334,0.9
all_scope,subtractive,mil_topk,42,contract,precision_focused,target_precision,0.9390000000000001,1.0,0.06666666666666667,0.5,0.03333333333333333,0.0625,0.040983606557377046,0.32390150495852454,0.7256410256410256,1,181,1,29,212,30,182,0.23170731707317074,0.19327731092436976,0.17575757575757575,0.728,0.595,0.365,0.7,0.8333333333333334,0.9
all_scope,subtractive,mil_topk,43,contract,max_f1,max_f1,0.542,0.25,0.6666666666666666,0.2328767123287671,0.5666666666666667,0.3300970873786407,0.4404145077720207,0.3174797571874566,0.7170329670329669,17,126,56,13,212,30,182,0.2222222222222222,0.21782178217821782,0.18181818181818182,0.48,0.41100000000000003,0.179,0.7333333333333333,0.8,0.9
all_scope,subtractive,mil_topk,43,contract,high_recall,target_recall,0.179,0.14361702127659576,0.9,0.18181818181818182,1.0,0.3076923076923077,0.5263157894736843,0.3174797571874566,0.7170329670329669,30,47,135,0,212,30,182,0.2222222222222222,0.21782178217821782,0.18181818181818182,0.48,0.41100000000000003,0.179,0.7333333333333333,0.8,0.9
all_scope,subtractive,mil_topk,43,contract,precision_focused,target_precision,0.89,1.0,0.03333333333333333,0.0,0.0,0.0,0.0,0.3174797571874566,0.7170329670329669,0,182,0,30,212,30,182,0.2222222222222222,0.21782178217821782,0.18181818181818182,0.48,0.41100000000000003,0.179,0.7333333333333333,0.8,0.9
all_scope,subtractive,mil_topk,44,contract,max_f1,max_f1,0.742,0.2909090909090909,0.5333333333333333,0.2962962962962963,0.5333333333333333,0.38095238095238093,0.4597701149425288,0.3227680020499589,0.7230769230769231,16,144,38,14,212,30,182,0.23595505617977527,0.2032520325203252,0.17682926829268292,0.612,0.431,0.245,0.7333333333333333,0.8666666666666667,0.9
all_scope,subtractive,mil_topk,44,contract,high_recall,target_recall,0.245,0.14594594594594595,0.9,0.17682926829268292,0.9666666666666667,0.29896907216494845,0.5105633802816901,0.3227680020499589,0.7230769230769231,29,47,135,1,212,30,182,0.23595505617977527,0.2032520325203252,0.17682926829268292,0.612,0.431,0.245,0.7333333333333333,0.8666666666666667,0.9
all_scope,subtractive,mil_topk,44,contract,precision_focused,target_precision,0.9390000000000001,1.0,0.03333333333333333,0.0,0.0,0.0,0.0,0.3227680020499589,0.7230769230769231,0,182,0,30,212,30,182,0.23595505617977527,0.2032520325203252,0.17682926829268292,0.612,0.431,0.245,0.7333333333333333,0.8666666666666667,0.9
all_scope,subtractive,mil_topk,45,contract,max_f1,max_f1,0.792,0.3050847457627119,0.6,0.28169014084507044,0.6666666666666666,0.39603960396039606,0.5235602094240838,0.2937078039847624,0.7223443223443223,20,131,51,10,212,30,182,0.24691358024691357,0.1984126984126984,0.1724137931034483,0.757,0.638,0.312,0.7,0.8,0.9
all_scope,subtractive,mil_topk,45,contract,high_recall,target_recall,0.312,0.13432835820895522,0.9,0.1724137931034483,1.0,0.29411764705882354,0.5102040816326531,0.2937078039847624,0.7223443223443223,30,38,144,0,212,30,182,0.24691358024691357,0.1984126984126984,0.1724137931034483,0.757,0.638,0.312,0.7,0.8,0.9
all_scope,subtractive,mil_topk,45,contract,precision_focused,target_precision,0.93,1.0,0.1,0.0,0.0,0.0,0.0,0.2937078039847624,0.7223443223443223,0,180,2,30,212,30,182,0.24691358024691357,0.1984126984126984,0.1724137931034483,0.757,0.638,0.312,0.7,0.8,0.9
all_scope,subtractive,mil_topk,46,contract,max_f1,max_f1,0.749,0.25333333333333335,0.6333333333333333,0.25757575757575757,0.5666666666666667,0.3541666666666667,0.45698924731182794,0.3480313643256224,0.7166666666666667,17,133,49,13,212,30,182,0.2247191011235955,0.21296296296296297,0.17751479289940827,0.706,0.618,0.271,0.7,0.8,0.9
all_scope,subtractive,mil_topk,46,contract,high_recall,target_recall,0.271,0.13432835820895522,0.9,0.17751479289940827,1.0,0.3015075376884422,0.5190311418685121,0.3480313643256224,0.7166666666666667,30,43,139,0,212,30,182,0.2247191011235955,0.21296296296296297,0.17751479289940827,0.706,0.618,0.271,0.7,0.8,0.9
all_scope,subtractive,mil_topk,46,contract,precision_focused,target_precision,0.932,1.0,0.1,1.0,0.03333333333333333,0.06451612903225806,0.04132231404958678,0.3480313643256224,0.7166666666666667,1,182,0,29,212,30,182,0.2247191011235955,0.21296296296296297,0.17751479289940827,0.706,0.618,0.271,0.7,0.8,0.9
all_scope,gated,mil_topk,42,contract,max_f1,max_f1,0.807,0.24242424242424243,0.5333333333333333,0.30434782608695654,0.4666666666666667,0.3684210526315789,0.4216867469879518,0.37927583932925496,0.7302197802197803,14,150,32,16,212,30,182,0.22988505747126436,0.22857142857142856,0.19047619047619047,0.746,0.7030000000000001,0.54,0.7666666666666667,0.8,0.9
all_scope,gated,mil_topk,42,contract,high_recall,target_recall,0.54,0.14917127071823205,0.9,0.19047619047619047,0.9333333333333333,0.3163841807909605,0.5243445692883895,0.37927583932925496,0.7302197802197803,28,63,119,2,212,30,182,0.22988505747126436,0.22857142857142856,0.19047619047619047,0.746,0.7030000000000001,0.54,0.7666666666666667,0.8,0.9
all_scope,gated,mil_topk,42,contract,precision_focused,target_precision,0.746,0.19166666666666668,0.7666666666666667,0.22988505747126436,0.6666666666666666,0.34188034188034183,0.48309178743961345,0.37927583932925496,0.7302197802197803,20,115,67,10,212,30,182,0.22988505747126436,0.22857142857142856,0.19047619047619047,0.746,0.7030000000000001,0.54,0.7666666666666667,0.8,0.9
all_scope,gated,mil_topk,43,contract,max_f1,max_f1,0.635,0.2835820895522388,0.6333333333333333,0.2786885245901639,0.5666666666666667,0.3736263736263736,0.4696132596685083,0.27955658465468214,0.7175824175824176,17,138,44,13,212,30,182,0.2222222222222222,0.20535714285714285,0.17901234567901234,0.526,0.387,0.229,0.7333333333333333,0.8,0.9
all_scope,gated,mil_topk,43,contract,high_recall,target_recall,0.229,0.15083798882681565,0.9,0.17901234567901234,0.9666666666666667,0.3020833333333333,0.5141843971631206,0.27955658465468214,0.7175824175824176,29,49,133,1,212,30,182,0.2222222222222222,0.20535714285714285,0.17901234567901234,0.526,0.387,0.229,0.7333333333333333,0.8,0.9
all_scope,gated,mil_topk,43,contract,precision_focused,target_precision,0.905,1.0,0.06666666666666667,0.0,0.0,0.0,0.0,0.27955658465468214,0.7175824175824176,0,182,0,30,212,30,182,0.2222222222222222,0.20535714285714285,0.17901234567901234,0.526,0.387,0.229,0.7333333333333333,0.8,0.9
all_scope,gated,mil_topk,44,contract,max_f1,max_f1,0.743,0.288135593220339,0.5666666666666667,0.2857142857142857,0.5333333333333333,0.37209302325581395,0.45454545454545453,0.3050126050031487,0.7144688644688645,16,142,40,14,212,30,182,0.21739130434782608,0.1885245901639344,0.18238993710691823,0.615,0.47900000000000004,0.262,0.7333333333333333,0.8,0.9
all_scope,gated,mil_topk,44,contract,high_recall,target_recall,0.262,0.14516129032258066,0.9,0.18238993710691823,0.9666666666666667,0.30687830687830686,0.5197132616487454,0.3050126050031487,0.7144688644688645,29,52,130,1,212,30,182,0.21739130434782608,0.1885245901639344,0.18238993710691823,0.615,0.47900000000000004,0.262,0.7333333333333333,0.8,0.9
all_scope,gated,mil_topk,44,contract,precision_focused,target_precision,0.93,1.0,0.06666666666666667,0.0,0.0,0.0,0.0,0.3050126050031487,0.7144688644688645,0,182,0,30,212,30,182,0.21739130434782608,0.1885245901639344,0.18238993710691823,0.615,0.47900000000000004,0.262,0.7333333333333333,0.8,0.9
all_scope,gated,mil_topk,45,contract,max_f1,max_f1,0.664,0.3,0.5,0.28,0.4666666666666667,0.35000000000000003,0.4117647058823529,0.37242958218319344,0.7293040293040293,14,146,36,16,212,30,182,0.2564102564102564,0.22641509433962265,0.18181818181818182,0.562,0.465,0.292,0.7,0.8333333333333334,0.9
all_scope,gated,mil_topk,45,contract,high_recall,target_recall,0.292,0.15168539325842698,0.9,0.18181818181818182,0.9333333333333333,0.30434782608695654,0.5109489051094891,0.37242958218319344,0.7293040293040293,28,56,126,2,212,30,182,0.2564102564102564,0.22641509433962265,0.18181818181818182,0.562,0.465,0.292,0.7,0.8333333333333334,0.9
all_scope,gated,mil_topk,45,contract,precision_focused,target_precision,0.854,1.0,0.03333333333333333,1.0,0.03333333333333333,0.06451612903225806,0.04132231404958678,0.37242958218319344,0.7293040293040293,1,182,0,29,212,30,182,0.2564102564102564,0.22641509433962265,0.18181818181818182,0.562,0.465,0.292,0.7,0.8333333333333334,0.9
all_scope,gated,mil_topk,46,contract,max_f1,max_f1,0.789,0.25862068965517243,0.5,0.3111111111111111,0.4666666666666667,0.37333333333333335,0.42424242424242425,0.37967366015067516,0.7311355311355311,14,151,31,16,212,30,182,0.2247191011235955,0.2247191011235955,0.19285714285714287,0.648,0.648,0.393,0.8,0.8,0.9
all_scope,gated,mil_topk,46,contract,high_recall,target_recall,0.393,0.15083798882681565,0.9,0.19285714285714287,0.9,0.3176470588235294,0.5192307692307693,0.37967366015067516,0.7311355311355311,27,69,113,3,212,30,182,0.2247191011235955,0.2247191011235955,0.19285714285714287,0.648,0.648,0.393,0.8,0.8,0.9
all_scope,gated,mil_topk,46,contract,precision_focused,target_precision,0.648,0.20512820512820512,0.8,0.2247191011235955,0.6666666666666666,0.3361344537815126,0.4784688995215312,0.37967366015067516,0.7311355311355311,20,113,69,10,212,30,182,0.2247191011235955,0.2247191011235955,0.19285714285714287,0.648,0.648,0.393,0.8,0.8,0.9
all_scope,rule_suppression,mil_topk,42,contract,max_f1,max_f1,0.807,0.34375,0.36666666666666664,0.36,0.3,0.3272727272727273,0.31034482758620685,0.3242814081366835,0.7238095238095238,9,166,16,21,212,30,182,0.2714285714285714,0.24358974358974358,0.1794871794871795,0.653,0.61,0.32,0.7,0.8,0.9
all_scope,rule_suppression,mil_topk,42,contract,high_recall,target_recall,0.32,0.14673913043478262,0.9,0.1794871794871795,0.9333333333333333,0.3010752688172043,0.5072463768115942,0.3242814081366835,0.7238095238095238,28,54,128,2,212,30,182,0.2714285714285714,0.24358974358974358,0.1794871794871795,0.653,0.61,0.32,0.7,0.8,0.9
all_scope,rule_suppression,mil_topk,42,contract,precision_focused,target_precision,0.9410000000000001,1.0,0.03333333333333333,0.0,0.0,0.0,0.0,0.3242814081366835,0.7238095238095238,0,181,1,30,212,30,182,0.2714285714285714,0.24358974358974358,0.1794871794871795,0.653,0.61,0.32,0.7,0.8,0.9
all_scope,rule_suppression,mil_topk,43,contract,max_f1,max_f1,0.511,0.25274725274725274,0.7666666666666667,0.25316455696202533,0.6666666666666666,0.36697247706422015,0.5025125628140704,0.2889217091209167,0.7267399267399267,20,123,59,10,212,30,182,0.25316455696202533,0.23529411764705882,0.1746987951807229,0.511,0.485,0.185,0.7666666666666667,0.8,0.9
all_scope,rule_suppression,mil_topk,43,contract,high_recall,target_recall,0.185,0.14516129032258066,0.9,0.1746987951807229,0.9666666666666667,0.29591836734693877,0.506993006993007,0.2889217091209167,0.7267399267399267,29,45,137,1,212,30,182,0.25316455696202533,0.23529411764705882,0.1746987951807229,0.511,0.485,0.185,0.7666666666666667,0.8,0.9
all_scope,rule_suppression,mil_topk,43,contract,precision_focused,target_precision,0.862,1.0,0.1,0.4,0.06666666666666667,0.1142857142857143,0.08,0.2889217091209167,0.7267399267399267,2,179,3,28,212,30,182,0.25316455696202533,0.23529411764705882,0.1746987951807229,0.511,0.485,0.185,0.7666666666666667,0.8,0.9
all_scope,rule_suppression,mil_topk,44,contract,max_f1,max_f1,0.611,0.2558139534883721,0.7333333333333333,0.25675675675675674,0.6333333333333333,0.3653846153846153,0.4896907216494845,0.2834341439614866,0.7146520146520147,19,127,55,11,212,30,182,0.25675675675675674,0.21739130434782608,0.18012422360248448,0.611,0.539,0.234,0.7333333333333333,0.8,0.9
all_scope,rule_suppression,mil_topk,44,contract,high_recall,target_recall,0.234,0.1443850267379679,0.9,0.18012422360248448,0.9666666666666667,0.30366492146596863,0.5160142348754448,0.2834341439614866,0.7146520146520147,29,50,132,1,212,30,182,0.25675675675675674,0.21739130434782608,0.18012422360248448,0.611,0.539,0.234,0.7333333333333333,0.8,0.9
all_scope,rule_suppression,mil_topk,44,contract,precision_focused,target_precision,0.918,0.75,0.1,0.4,0.06666666666666667,0.1142857142857143,0.08,0.2834341439614866,0.7146520146520147,2,179,3,28,212,30,182,0.25675675675675674,0.21739130434782608,0.18012422360248448,0.611,0.539,0.234,0.7333333333333333,0.8,0.9
all_scope,rule_suppression,mil_topk,45,contract,max_f1,max_f1,0.851,0.3170731707317073,0.43333333333333335,0.36585365853658536,0.5,0.4225352112676056,0.4658385093167702,0.2718620643927531,0.7289377289377289,15,156,26,15,212,30,182,0.25925925925925924,0.2268041237113402,0.17045454545454544,0.773,0.708,0.308,0.7,0.8,0.9
all_scope,rule_suppression,mil_topk,45,contract,high_recall,target_recall,0.308,0.13705583756345177,0.9,0.17045454545454544,1.0,0.2912621359223301,0.5067567567567568,0.2718620643927531,0.7289377289377289,30,36,146,0,212,30,182,0.25925925925925924,0.2268041237113402,0.17045454545454544,0.773,0.708,0.308,0.7,0.8,0.9
all_scope,rule_suppression,mil_topk,45,contract,precision_focused,target_precision,0.935,0.7142857142857143,0.16666666666666666,0.2,0.06666666666666667,0.1,0.07692307692307691,0.2718620643927531,0.7289377289377289,2,174,8,28,212,30,182,0.25925925925925924,0.2268041237113402,0.17045454545454544,0.773,0.708,0.308,0.7,0.8,0.9
all_scope,rule_suppression,mil_topk,46,contract,max_f1,max_f1,0.486,0.24731182795698925,0.7666666666666667,0.23255813953488372,0.6666666666666666,0.3448275862068966,0.48543689320388356,0.27881179143845763,0.708058608058608,20,116,66,10,212,30,182,0.23255813953488372,0.2247191011235955,0.17575757575757575,0.503,0.47300000000000003,0.156,0.7333333333333333,0.8,0.9
all_scope,rule_suppression,mil_topk,46,contract,high_recall,target_recall,0.156,0.14361702127659576,0.9,0.17575757575757575,0.9666666666666667,0.29743589743589743,0.5087719298245614,0.27881179143845763,0.708058608058608,29,46,136,1,212,30,182,0.23255813953488372,0.2247191011235955,0.17575757575757575,0.503,0.47300000000000003,0.156,0.7333333333333333,0.8,0.9
all_scope,rule_suppression,mil_topk,46,contract,precision_focused,target_precision,0.916,1.0,0.1,0.5,0.06666666666666667,0.11764705882352941,0.08064516129032256,0.27881179143845763,0.708058608058608,2,180,2,28,212,30,182,0.23255813953488372,0.2247191011235955,0.17575757575757575,0.503,0.47300000000000003,0.156,0.7333333333333333,0.8,0.9
reentrancy_only,concat,mil_attention,42,contract,max_f1,max_f1,0.625,0.25,0.21428571428571427,0.36363636363636365,0.25,0.2962962962962963,0.26666666666666666,0.26020847067275865,0.7053571428571429,4,175,7,12,198,16,182,0.136986301369863,0.136986301369863,0.136986301369863,0.339,0.339,0.339,1.0,1.0,1.0
reentrancy_only,concat,mil_attention,42,contract,high_recall,target_recall,0.339,0.09859154929577464,1.0,0.136986301369863,0.625,0.2247191011235955,0.36496350364963503,0.26020847067275865,0.7053571428571429,10,119,63,6,198,16,182,0.136986301369863,0.136986301369863,0.136986301369863,0.339,0.339,0.339,1.0,1.0,1.0
reentrancy_only,concat,mil_attention,42,contract,precision_focused,target_precision,0.339,0.09859154929577464,1.0,0.136986301369863,0.625,0.2247191011235955,0.36496350364963503,0.26020847067275865,0.7053571428571429,10,119,63,6,198,16,182,0.136986301369863,0.136986301369863,0.136986301369863,0.339,0.339,0.339,1.0,1.0,1.0
reentrancy_only,concat,mil_attention,43,contract,max_f1,max_f1,0.201,0.087248322147651,0.9285714285714286,0.12371134020618557,0.75,0.21238938053097345,0.37267080745341613,0.3680907412755806,0.704326923076923,12,97,85,4,198,16,182,0.12371134020618557,0.12371134020618557,0.12371134020618557,0.201,0.201,0.201,0.9285714285714286,0.9285714285714286,0.9285714285714286
reentrancy_only,concat,mil_attention,43,contract,high_recall,target_recall,0.201,0.087248322147651,0.9285714285714286,0.12371134020618557,0.75,0.21238938053097345,0.37267080745341613,0.3680907412755806,0.704326923076923,12,97,85,4,198,16,182,0.12371134020618557,0.12371134020618557,0.12371134020618557,0.201,0.201,0.201,0.9285714285714286,0.9285714285714286,0.9285714285714286
reentrancy_only,concat,mil_attention,43,contract,precision_focused,target_precision,0.201,0.087248322147651,0.9285714285714286,0.12371134020618557,0.75,0.21238938053097345,0.37267080745341613,0.3680907412755806,0.704326923076923,12,97,85,4,198,16,182,0.12371134020618557,0.12371134020618557,0.12371134020618557,0.201,0.201,0.201,0.9285714285714286,0.9285714285714286,0.9285714285714286
reentrancy_only,concat,mil_attention,44,contract,max_f1,max_f1,0.17200000000000001,0.09243697478991597,0.7857142857142857,0.13157894736842105,0.625,0.21739130434782608,0.35714285714285715,0.32691445807772235,0.6617445054945055,10,116,66,6,198,16,182,0.13157894736842105,0.12048192771084337,0.10638297872340426,0.17200000000000001,0.161,0.15,0.7857142857142857,0.8571428571428571,0.9285714285714286
reentrancy_only,concat,mil_attention,44,contract,high_recall,target_recall,0.15,0.08024691358024691,0.9285714285714286,0.10638297872340426,0.625,0.1818181818181818,0.31645569620253167,0.32691445807772235,0.6617445054945055,10,98,84,6,198,16,182,0.13157894736842105,0.12048192771084337,0.10638297872340426,0.17200000000000001,0.161,0.15,0.7857142857142857,0.8571428571428571,0.9285714285714286
reentrancy_only,concat,mil_attention,44,contract,precision_focused,target_precision,0.161,0.09090909090909091,0.8571428571428571,0.12048192771084337,0.625,0.20202020202020202,0.3401360544217687,0.32691445807772235,0.6617445054945055,10,109,73,6,198,16,182,0.13157894736842105,0.12048192771084337,0.10638297872340426,0.17200000000000001,0.161,0.15,0.7857142857142857,0.8571428571428571,0.9285714285714286
reentrancy_only,concat,mil_attention,45,contract,max_f1,max_f1,0.8230000000000001,0.23529411764705882,0.2857142857142857,0.38461538461538464,0.3125,0.3448275862068966,0.3246753246753247,0.2795674245029297,0.6871565934065933,5,174,8,11,198,16,182,0.14285714285714285,0.12903225806451613,0.12903225806451613,0.581,0.41400000000000003,0.41400000000000003,0.7142857142857143,1.0,1.0
reentrancy_only,concat,mil_attention,45,contract,high_recall,target_recall,0.41400000000000003,0.0915032679738562,1.0,0.12903225806451613,0.75,0.2201834862385321,0.3821656050955414,0.2795674245029297,0.6871565934065933,12,101,81,4,198,16,182,0.14285714285714285,0.12903225806451613,0.12903225806451613,0.581,0.41400000000000003,0.41400000000000003,0.7142857142857143,1.0,1.0
reentrancy_only,concat,mil_attention,45,contract,precision_focused,target_precision,0.608,0.125,0.6428571428571429,0.16,0.5,0.24242424242424243,0.3508771929824561,0.2795674245029297,0.6871565934065933,8,140,42,8,198,16,182,0.14285714285714285,0.12903225806451613,0.12903225806451613,0.581,0.41400000000000003,0.41400000000000003,0.7142857142857143,1.0,1.0
reentrancy_only,concat,mil_attention,46,contract,max_f1,max_f1,0.79,0.375,0.21428571428571427,0.6666666666666666,0.25,0.36363636363636365,0.2857142857142857,0.36051100951781223,0.7276785714285714,4,180,2,12,198,16,182,0.1694915254237288,0.15151515151515152,0.12643678160919541,0.668,0.642,0.582,0.7857142857142857,0.8571428571428571,1.0
reentrancy_only,concat,mil_attention,46,contract,high_recall,target_recall,0.582,0.09090909090909091,1.0,0.12643678160919541,0.6875,0.21359223300970878,0.36423841059602646,0.36051100951781223,0.7276785714285714,11,106,76,5,198,16,182,0.1694915254237288,0.15151515151515152,0.12643678160919541,0.668,0.642,0.582,0.7857142857142857,0.8571428571428571,1.0
reentrancy_only,concat,mil_attention,46,contract,precision_focused,target_precision,0.668,0.1111111111111111,0.7857142857142857,0.1694915254237288,0.625,0.26666666666666666,0.40650406504065034,0.36051100951781223,0.7276785714285714,10,133,49,6,198,16,182,0.1694915254237288,0.15151515151515152,0.12643678160919541,0.668,0.642,0.582,0.7857142857142857,0.8571428571428571,1.0
reentrancy_only,subtractive,mil_attention,42,contract,max_f1,max_f1,0.729,0.42857142857142855,0.21428571428571427,0.3333333333333333,0.3125,0.3225806451612903,0.3164556962025316,0.281924270788148,0.7032967032967034,5,172,10,11,198,16,182,0.1527777777777778,0.12222222222222222,0.12222222222222222,0.34800000000000003,0.267,0.267,0.7857142857142857,0.9285714285714286,0.9285714285714286
reentrancy_only,subtractive,mil_attention,42,contract,high_recall,target_recall,0.267,0.1,0.9285714285714286,0.12222222222222222,0.6875,0.20754716981132074,0.3571428571428571,0.281924270788148,0.7032967032967034,11,103,79,5,198,16,182,0.1527777777777778,0.12222222222222222,0.12222222222222222,0.34800000000000003,0.267,0.267,0.7857142857142857,0.9285714285714286,0.9285714285714286
reentrancy_only,subtractive,mil_attention,42,contract,precision_focused,target_precision,0.843,1.0,0.14285714285714285,0.6666666666666666,0.125,0.21052631578947367,0.14925373134328357,0.281924270788148,0.7032967032967034,2,181,1,14,198,16,182,0.1527777777777778,0.12222222222222222,0.12222222222222222,0.34800000000000003,0.267,0.267,0.7857142857142857,0.9285714285714286,0.9285714285714286
reentrancy_only,subtractive,mil_attention,43,contract,max_f1,max_f1,0.8320000000000001,0.3076923076923077,0.2857142857142857,0.29411764705882354,0.3125,0.30303030303030304,0.308641975308642,0.34509351322778614,0.7108516483516484,5,170,12,11,198,16,182,0.1527777777777778,0.13131313131313133,0.13131313131313133,0.484,0.339,0.339,0.7857142857142857,0.9285714285714286,0.9285714285714286
reentrancy_only,subtractive,mil_attention,43,contract,high_recall,target_recall,0.339,0.09420289855072464,0.9285714285714286,0.13131313131313133,0.8125,0.22608695652173916,0.39877300613496935,0.34509351322778614,0.7108516483516484,13,96,86,3,198,16,182,0.1527777777777778,0.13131313131313133,0.13131313131313133,0.484,0.339,0.339,0.7857142857142857,0.9285714285714286,0.9285714285714286
reentrancy_only,subtractive,mil_attention,43,contract,precision_focused,target_precision,0.547,0.12857142857142856,0.6428571428571429,0.12280701754385964,0.4375,0.19178082191780824,0.2892561983471074,0.34509351322778614,0.7108516483516484,7,132,50,9,198,16,182,0.1527777777777778,0.13131313131313133,0.13131313131313133,0.484,0.339,0.339,0.7857142857142857,0.9285714285714286,0.9285714285714286
reentrancy_only,subtractive,mil_attention,44,contract,max_f1,max_f1,0.75,0.3,0.21428571428571427,0.25,0.25,0.25,0.25,0.31996856587810013,0.6953983516483516,4,170,12,12,198,16,182,0.14035087719298245,0.1368421052631579,0.1368421052631579,0.363,0.20600000000000002,0.20600000000000002,0.7142857142857143,1.0,1.0
reentrancy_only,subtractive,mil_attention,44,contract,high_recall,target_recall,0.20600000000000002,0.09655172413793103,1.0,0.1368421052631579,0.8125,0.23423423423423426,0.40880503144654096,0.31996856587810013,0.6953983516483516,13,100,82,3,198,16,182,0.14035087719298245,0.1368421052631579,0.1368421052631579,0.363,0.20600000000000002,0.20600000000000002,0.7142857142857143,1.0,1.0
reentrancy_only,subtractive,mil_attention,44,contract,precision_focused,target_precision,0.339,0.11,0.7857142857142857,0.14754098360655737,0.5625,0.23376623376623376,0.35999999999999993,0.31996856587810013,0.6953983516483516,9,130,52,7,198,16,182,0.14035087719298245,0.1368421052631579,0.1368421052631579,0.363,0.20600000000000002,0.20600000000000002,0.7142857142857143,1.0,1.0
reentrancy_only,subtractive,mil_attention,45,contract,max_f1,max_f1,0.718,0.42857142857142855,0.21428571428571427,0.25,0.25,0.25,0.25,0.22416272324702424,0.6844093406593407,4,170,12,12,198,16,182,0.11320754716981132,0.11320754716981132,0.11320754716981132,0.249,0.249,0.249,1.0,1.0,1.0
reentrancy_only,subtractive,mil_attention,45,contract,high_recall,target_recall,0.249,0.09090909090909091,1.0,0.11320754716981132,0.75,0.19672131147540986,0.35294117647058826,0.22416272324702424,0.6844093406593407,12,88,94,4,198,16,182,0.11320754716981132,0.11320754716981132,0.11320754716981132,0.249,0.249,0.249,1.0,1.0,1.0
reentrancy_only,subtractive,mil_attention,45,contract,precision_focused,target_precision,0.249,0.09090909090909091,1.0,0.11320754716981132,0.75,0.19672131147540986,0.35294117647058826,0.22416272324702424,0.6844093406593407,12,88,94,4,198,16,182,0.11320754716981132,0.11320754716981132,0.11320754716981132,0.249,0.249,0.249,1.0,1.0,1.0
reentrancy_only,subtractive,mil_attention,46,contract,max_f1,max_f1,0.917,0.375,0.21428571428571427,0.35714285714285715,0.3125,0.3333333333333333,0.32051282051282054,0.2830982721200564,0.7067307692307693,5,173,9,11,198,16,182,0.12790697674418605,0.12790697674418605,0.12790697674418605,0.607,0.607,0.607,1.0,1.0,1.0
reentrancy_only,subtractive,mil_attention,46,contract,high_recall,target_recall,0.607,0.10606060606060606,1.0,0.12790697674418605,0.6875,0.21568627450980393,0.36666666666666664,0.2830982721200564,0.7067307692307693,11,107,75,5,198,16,182,0.12790697674418605,0.12790697674418605,0.12790697674418605,0.607,0.607,0.607,1.0,1.0,1.0
reentrancy_only,subtractive,mil_attention,46,contract,precision_focused,target_precision,0.9510000000000001,1.0,0.14285714285714285,0.5,0.125,0.2,0.14705882352941177,0.2830982721200564,0.7067307692307693,2,180,2,14,198,16,182,0.12790697674418605,0.12790697674418605,0.12790697674418605,0.607,0.607,0.607,1.0,1.0,1.0
reentrancy_only,gated,mil_attention,42,contract,max_f1,max_f1,0.778,0.6,0.21428571428571427,0.4444444444444444,0.25,0.32,0.27397260273972607,0.2642770426579093,0.6981456043956044,4,177,5,12,198,16,182,0.14925373134328357,0.13636363636363635,0.13636363636363635,0.326,0.264,0.264,0.7857142857142857,1.0,1.0
reentrancy_only,gated,mil_attention,42,contract,high_recall,target_recall,0.264,0.10071942446043165,1.0,0.13636363636363635,0.75,0.23076923076923075,0.39473684210526316,0.2642770426579093,0.6981456043956044,12,106,76,4,198,16,182,0.14925373134328357,0.13636363636363635,0.13636363636363635,0.326,0.264,0.264,0.7857142857142857,1.0,1.0
reentrancy_only,gated,mil_attention,42,contract,precision_focused,target_precision,0.264,0.10071942446043165,1.0,0.13636363636363635,0.75,0.23076923076923075,0.39473684210526316,0.2642770426579093,0.6981456043956044,12,106,76,4,198,16,182,0.14925373134328357,0.13636363636363635,0.13636363636363635,0.326,0.264,0.264,0.7857142857142857,1.0,1.0
reentrancy_only,gated,mil_attention,43,contract,max_f1,max_f1,0.882,0.3333333333333333,0.21428571428571427,0.3076923076923077,0.25,0.27586206896551724,0.2597402597402597,0.24088426740980792,0.6916208791208791,4,173,9,12,198,16,182,0.16393442622950818,0.11650485436893204,0.11650485436893204,0.505,0.298,0.298,0.7857142857142857,1.0,1.0
reentrancy_only,gated,mil_attention,43,contract,high_recall,target_recall,0.298,0.09333333333333334,1.0,0.11650485436893204,0.75,0.20168067226890757,0.35928143712574845,0.24088426740980792,0.6916208791208791,12,91,91,4,198,16,182,0.16393442622950818,0.11650485436893204,0.11650485436893204,0.505,0.298,0.298,0.7857142857142857,1.0,1.0
reentrancy_only,gated,mil_attention,43,contract,precision_focused,target_precision,0.505,0.10576923076923077,0.7857142857142857,0.16393442622950818,0.625,0.2597402597402597,0.4,0.24088426740980792,0.6916208791208791,10,131,51,6,198,16,182,0.16393442622950818,0.11650485436893204,0.11650485436893204,0.505,0.298,0.298,0.7857142857142857,1.0,1.0
reentrancy_only,gated,mil_attention,44,contract,max_f1,max_f1,0.777,0.36363636363636365,0.2857142857142857,0.36363636363636365,0.25,0.2962962962962963,0.26666666666666666,0.25736663638334295,0.680631868131868,4,175,7,12,198,16,182,0.14545454545454545,0.13924050632911392,0.12790697674418605,0.315,0.222,0.191,0.7142857142857143,0.8571428571428571,0.9285714285714286
reentrancy_only,gated,mil_attention,44,contract,high_recall,target_recall,0.191,0.0896551724137931,0.9285714285714286,0.12790697674418605,0.6875,0.21568627450980393,0.36666666666666664,0.25736663638334295,0.680631868131868,11,107,75,5,198,16,182,0.14545454545454545,0.13924050632911392,0.12790697674418605,0.315,0.222,0.191,0.7142857142857143,0.8571428571428571,0.9285714285714286
reentrancy_only,gated,mil_attention,44,contract,precision_focused,target_precision,0.438,0.15517241379310345,0.6428571428571429,0.175,0.4375,0.24999999999999994,0.33653846153846156,0.25736663638334295,0.680631868131868,7,149,33,9,198,16,182,0.14545454545454545,0.13924050632911392,0.12790697674418605,0.315,0.222,0.191,0.7142857142857143,0.8571428571428571,0.9285714285714286
reentrancy_only,gated,mil_attention,45,contract,max_f1,max_f1,0.833,0.5,0.21428571428571427,0.375,0.1875,0.25,0.20833333333333334,0.2104372570599786,0.7032967032967032,3,177,5,13,198,16,182,0.14814814814814814,0.14814814814814814,0.14814814814814814,0.466,0.466,0.466,1.0,1.0,1.0
reentrancy_only,gated,mil_attention,45,contract,high_recall,target_recall,0.466,0.10144927536231885,1.0,0.14814814814814814,0.75,0.24742268041237112,0.4137931034482759,0.2104372570599786,0.7032967032967032,12,113,69,4,198,16,182,0.14814814814814814,0.14814814814814814,0.14814814814814814,0.466,0.466,0.466,1.0,1.0,1.0
reentrancy_only,gated,mil_attention,45,contract,precision_focused,target_precision,0.466,0.10144927536231885,1.0,0.14814814814814814,0.75,0.24742268041237112,0.4137931034482759,0.2104372570599786,0.7032967032967032,12,113,69,4,198,16,182,0.14814814814814814,0.14814814814814814,0.14814814814814814,0.466,0.466,0.466,1.0,1.0,1.0
reentrancy_only,gated,mil_attention,46,contract,max_f1,max_f1,0.876,0.5,0.21428571428571427,0.5,0.25,0.3333333333333333,0.2777777777777778,0.2579389026028879,0.6655219780219781,4,178,4,12,198,16,182,0.15254237288135594,0.12222222222222222,0.12222222222222222,0.557,0.364,0.364,0.7142857142857143,0.9285714285714286,0.9285714285714286
reentrancy_only,gated,mil_attention,46,contract,high_recall,target_recall,0.364,0.09027777777777778,0.9285714285714286,0.12222222222222222,0.6875,0.20754716981132074,0.3571428571428571,0.2579389026028879,0.6655219780219781,11,103,79,5,198,16,182,0.15254237288135594,0.12222222222222222,0.12222222222222222,0.557,0.364,0.364,0.7142857142857143,0.9285714285714286,0.9285714285714286
reentrancy_only,gated,mil_attention,46,contract,precision_focused,target_precision,0.557,0.11627906976744186,0.7142857142857143,0.15254237288135594,0.5625,0.24000000000000002,0.36585365853658536,0.2579389026028879,0.6655219780219781,9,132,50,7,198,16,182,0.15254237288135594,0.12222222222222222,0.12222222222222222,0.557,0.364,0.364,0.7142857142857143,0.9285714285714286,0.9285714285714286
reentrancy_only,rule_suppression,mil_attention,42,contract,max_f1,max_f1,0.914,0.5,0.21428571428571427,0.4444444444444444,0.25,0.32,0.27397260273972607,0.2022118854338434,0.6850961538461539,4,177,5,12,198,16,182,0.125,0.125,0.11764705882352941,0.625,0.5750000000000001,0.489,0.7142857142857143,0.8571428571428571,0.9285714285714286
reentrancy_only,rule_suppression,mil_attention,42,contract,high_recall,target_recall,0.489,0.10077519379844961,0.9285714285714286,0.11764705882352941,0.625,0.19801980198019803,0.33557046979865773,0.2022118854338434,0.6850961538461539,10,107,75,6,198,16,182,0.125,0.125,0.11764705882352941,0.625,0.5750000000000001,0.489,0.7142857142857143,0.8571428571428571,0.9285714285714286
reentrancy_only,rule_suppression,mil_attention,42,contract,precision_focused,target_precision,0.5750000000000001,0.11320754716981132,0.8571428571428571,0.125,0.5625,0.20454545454545456,0.33088235294117646,0.2022118854338434,0.6850961538461539,9,119,63,7,198,16,182,0.125,0.125,0.11764705882352941,0.625,0.5750000000000001,0.489,0.7142857142857143,0.8571428571428571,0.9285714285714286
reentrancy_only,rule_suppression,mil_attention,43,contract,max_f1,max_f1,0.719,0.13043478260869565,0.42857142857142855,0.15217391304347827,0.4375,0.22580645161290325,0.3181818181818182,0.2462363139425937,0.689217032967033,7,143,39,9,198,16,182,0.125,0.125,0.125,0.455,0.455,0.455,0.9285714285714286,0.9285714285714286,0.9285714285714286
reentrancy_only,rule_suppression,mil_attention,43,contract,high_recall,target_recall,0.455,0.10317460317460317,0.9285714285714286,0.125,0.625,0.20833333333333334,0.3472222222222222,0.2462363139425937,0.689217032967033,10,112,70,6,198,16,182,0.125,0.125,0.125,0.455,0.455,0.455,0.9285714285714286,0.9285714285714286,0.9285714285714286
reentrancy_only,rule_suppression,mil_attention,43,contract,precision_focused,target_precision,0.455,0.10317460317460317,0.9285714285714286,0.125,0.625,0.20833333333333334,0.3472222222222222,0.2462363139425937,0.689217032967033,10,112,70,6,198,16,182,0.125,0.125,0.125,0.455,0.455,0.455,0.9285714285714286,0.9285714285714286,0.9285714285714286
reentrancy_only,rule_suppression,mil_attention,44,contract,max_f1,max_f1,0.49,0.375,0.21428571428571427,0.2,0.25,0.22222222222222224,0.23809523809523808,0.17673692113540904,0.6875,4,166,16,12,198,16,182,0.12162162162162163,0.1282051282051282,0.125,0.137,0.122,0.093,0.7857142857142857,0.8571428571428571,0.9285714285714286
reentrancy_only,rule_suppression,mil_attention,44,contract,high_recall,target_recall,0.093,0.10317460317460317,0.9285714285714286,0.125,0.6875,0.21153846153846154,0.3618421052631579,0.17673692113540904,0.6875,11,105,77,5,198,16,182,0.12162162162162163,0.1282051282051282,0.125,0.137,0.122,0.093,0.7857142857142857,0.8571428571428571,0.9285714285714286
reentrancy_only,rule_suppression,mil_attention,44,contract,precision_focused,target_precision,0.137,0.12359550561797752,0.7857142857142857,0.12162162162162163,0.5625,0.20000000000000004,0.32608695652173914,0.17673692113540904,0.6875,9,117,65,7,198,16,182,0.12162162162162163,0.1282051282051282,0.125,0.137,0.122,0.093,0.7857142857142857,0.8571428571428571,0.9285714285714286
reentrancy_only,rule_suppression,mil_attention,45,contract,max_f1,max_f1,0.84,0.15254237288135594,0.6428571428571429,0.14634146341463414,0.375,0.21052631578947364,0.28571428571428575,0.2084832989597712,0.6675824175824175,6,147,35,10,198,16,182,0.12727272727272726,0.12280701754385964,0.11224489795918367,0.783,0.771,0.619,0.7857142857142857,0.8571428571428571,0.9285714285714286
reentrancy_only,rule_suppression,mil_attention,45,contract,high_recall,target_recall,0.619,0.08783783783783784,0.9285714285714286,0.11224489795918367,0.6875,0.19298245614035087,0.3395061728395061,0.2084832989597712,0.6675824175824175,11,95,87,5,198,16,182,0.12727272727272726,0.12280701754385964,0.11224489795918367,0.783,0.771,0.619,0.7857142857142857,0.8571428571428571,0.9285714285714286
reentrancy_only,rule_suppression,mil_attention,45,contract,precision_focused,target_precision,0.84,0.15254237288135594,0.6428571428571429,0.14634146341463414,0.375,0.21052631578947364,0.28571428571428575,0.2084832989597712,0.6675824175824175,6,147,35,10,198,16,182,0.12727272727272726,0.12280701754385964,0.11224489795918367,0.783,0.771,0.619,0.7857142857142857,0.8571428571428571,0.9285714285714286
reentrancy_only,rule_suppression,mil_attention,46,contract,max_f1,max_f1,0.912,0.6666666666666666,0.2857142857142857,0.5714285714285714,0.25,0.34782608695652173,0.2816901408450704,0.26320527568460755,0.6971153846153846,4,179,3,12,198,16,182,0.13636363636363635,0.13636363636363635,0.13414634146341464,0.561,0.561,0.487,0.8571428571428571,0.8571428571428571,0.9285714285714286
reentrancy_only,rule_suppression,mil_attention,46,contract,high_recall,target_recall,0.487,0.1092436974789916,0.9285714285714286,0.13414634146341464,0.6875,0.22448979591836735,0.3767123287671233,0.26320527568460755,0.6971153846153846,11,111,71,5,198,16,182,0.13636363636363635,0.13636363636363635,0.13414634146341464,0.561,0.561,0.487,0.8571428571428571,0.8571428571428571,0.9285714285714286
reentrancy_only,rule_suppression,mil_attention,46,contract,precision_focused,target_precision,0.964,1.0,0.07142857142857142,0.0,0.0,0.0,0.0,0.26320527568460755,0.6971153846153846,0,181,1,16,198,16,182,0.13636363636363635,0.13636363636363635,0.13414634146341464,0.561,0.561,0.487,0.8571428571428571,0.8571428571428571,0.9285714285714286
